gap_type,datasheet_id,datasheet_name,faction_id,faction_name,role,is_legend,candidate_1_id,candidate_1_name,candidate_1_faction,candidate_1_confidence,candidate_2_id,candidate_2_name,candidate_2_faction,candidate_2_confidence
cross_faction_shared,000003822,Deathwatch Terminator Squad,AoI,Agents of the Imperium,Other,False,dark-angels-2013-01-deathwing-terminator-squad,Deathwing Terminator Squad,SM,0.868,space-marines-2005-04-terminator-squad,Terminator Squad,SM,0.8
genuinely_missing,000001560,Agamatus Custodians,AC,Adeptus Custodes,Other,False,,,,,,,,
genuinely_missing,000002088,Aleya,AC,Adeptus Custodes,Characters,False,,,,,,,,
genuinely_missing,000002524,Anathema Psykana Rhino,AC,Adeptus Custodes,Dedicated Transports,False,,,,,,,,
genuinely_missing,000001558,Aquilon Custodians,AC,Adeptus Custodes,Other,False,,,,,,,,
genuinely_missing,000001680,Ares Gunship,AC,Adeptus Custodes,Other,False,,,,,,,,
genuinely_missing,000001460,Caladius Grav-tank,AC,Adeptus Custodes,Other,False,,,,,,,,
genuinely_missing,000001461,Coronus Grav-carrier,AC,Adeptus Custodes,Other,False,,,,,,,,
genuinely_missing,000001559,Custodian Guard With Adrasite And Pyrithite Spears,AC,Adeptus Custodes,Other,False,,,,,,,,
genuinely_missing,000002520,Knight-centura,AC,Adeptus Custodes,Characters,False,,,,,,,,
genuinely_missing,000001564,Orion Assault Dropship,AC,Adeptus Custodes,Other,False,,,,,,,,
genuinely_missing,000001562,Pallas Grav-attack,AC,Adeptus Custodes,Other,False,,,,,,,,
genuinely_missing,000002521,Prosecutors,AC,Adeptus Custodes,Other,False,,,,,,,,
genuinely_missing,000001563,Sagittarum Custodians,AC,Adeptus Custodes,Other,False,,,,,,,,
genuinely_missing,000001479,Telemon Heavy Dreadnought,AC,Adeptus Custodes,Other,False,,,,,,,,
genuinely_missing,000001446,Trajann Valoris,AC,Adeptus Custodes,Characters,False,,,,,,,,
genuinely_missing,000002519,Valerian,AC,Adeptus Custodes,Characters,False,,,,,,,,
genuinely_missing,000001561,Venatari Custodians,AC,Adeptus Custodes,Other,False,,,,,,,,
genuinely_missing,000000884,Venerable Land Raider,AC,Adeptus Custodes,Other,False,,,,,,,,
genuinely_missing,000002522,Vigilators,AC,Adeptus Custodes,Other,False,,,,,,,,
genuinely_missing,000002523,Witchseekers,AC,Adeptus Custodes,Other,False,,,,,,,,
genuinely_missing,000001598,Amallyn Shadowguide,AE,Aeldari,Characters,False,,,,,,,,
genuinely_missing,000000580,Autarch Skyrunner,AE,Aeldari,Characters,False,,,,,,,,
genuinely_missing,000002759,Autarch Wayleaper,AE,Aeldari,Characters,False,,,,,,,,
genuinely_missing,000001400,Bonesinger,AE,Aeldari,Characters,False,,,,,,,,
genuinely_missing,000000622,Cobra,AE,Aeldari,Other,False,,,,,,,,
genuinely_missing,000000629,Corsair Cloud Dancer Band,AE,Aeldari,Other,False,,,,,,,,
genuinely_missing,000002532,Corsair Voidscarred,AE,Aeldari,Other,False,,,,,,,,
genuinely_missing,000003910,D-cannon Platform,AE,Aeldari,Other,False,,,,,,,,
genuinely_missing,000000609,Falcon,AE,Aeldari,Other,False,,,,,,,,
genuinely_missing,000001393,Firestorm,AE,Aeldari,Other,False,,,,,,,,
genuinely_missing,000000589,Guardian Defenders,AE,Aeldari,Battleline,False,,,,,,,,
genuinely_missing,000000618,Hornet,AE,Aeldari,Other,False,,,,,,,,
genuinely_missing,000000570,Illic Nightspear,AE,Aeldari,Characters,False,,,,,,,,
genuinely_missing,000000630,Irillyth,AE,Aeldari,Characters,False,,,,,,,,
genuinely_missing,000000573,Karandras,AE,Aeldari,Characters,False,,,,,,,,
genuinely_missing,000000620,Lynx,AE,Aeldari,Other,False,,,,,,,,
genuinely_missing,000000623,Nightwing,AE,Aeldari,Other,False,,,,,,,,
genuinely_missing,000000631,Phantom Titan,AE,Aeldari,Other,False,,,,,,,,
genuinely_missing,000000624,Phoenix,AE,Aeldari,Other,False,,,,,,,,
genuinely_missing,000004193,Prince Yriel,AE,Aeldari,Characters,False,,,,,,,,
genuinely_missing,000000628,Revenant Titan,AE,Aeldari,Other,False,,,,,,,,
genuinely_missing,000000621,Scorpion,AE,Aeldari,Other,False,,,,,,,,
genuinely_missing,000000615,Shadow Spectres,AE,Aeldari,Other,False,,,,,,,,
genuinely_missing,000003911,Shadow Weaver Platform,AE,Aeldari,Other,False,,,,,,,,
genuinely_missing,000000627,Skathach Wraithknight,AE,Aeldari,Other,False,,,,,,,,
genuinely_missing,000000626,Vampire Hunter,AE,Aeldari,Other,False,,,,,,,,
genuinely_missing,000000625,Vampire Raider,AE,Aeldari,Other,False,,,,,,,,
genuinely_missing,000003912,Vibro Cannon Platform,AE,Aeldari,Other,False,,,,,,,,
genuinely_missing,000000619,Warp Hunter,AE,Aeldari,Other,False,,,,,,,,
genuinely_missing,000000616,Wasp Assault Walker,AE,Aeldari,Other,False,,,,,,,,
genuinely_missing,000002459,Webway Gate,AE,Aeldari,Fortifications,False,,,,,,,,
genuinely_missing,000000617,Wraithseer,AE,Aeldari,Other,False,,,,,,,,
genuinely_missing,000002619,Aegis Defence Line,AM,Astra Militarum,Fortifications,False,,,,,,,,
genuinely_missing,000000778,Aquila Lander,AM,Astra Militarum,Other,False,,,,,,,,
genuinely_missing,000000764,Arkurian Stormhammer,AM,Astra Militarum,Other,False,,,,,,,,
genuinely_missing,000000739,Armageddon-pattern Medusa,AM,Astra Militarum,Other,False,,,,,,,,
genuinely_missing,000003896,Artillery Team,AM,Astra Militarum,Other,False,,,,,,,,
genuinely_missing,000000779,Arvus Lighter,AM,Astra Militarum,Other,False,,,,,,,,
genuinely_missing,000000728,Atlas Recovery Vehicle,AM,Astra Militarum,Other,False,,,,,,,,
genuinely_missing,000002616,Attilan Rough Riders,AM,Astra Militarum,Other,False,,,,,,,,
genuinely_missing,000000780,Avenger Strike Fighter,AM,Astra Militarum,Other,False,,,,,,,,
genuinely_missing,000004224,Cadian Recon Squad,AM,Astra Militarum,Other,False,,,,,,,,
genuinely_missing,000001994,Carnodon,AM,Astra Militarum,Other,False,,,,,,,,
genuinely_missing,000003894,Catachan Heavy Weapons Squad,AM,Astra Militarum,Other,False,,,,,,,,
genuinely_missing,000002614,Catachan Jungle Fighters,AM,Astra Militarum,Battleline,False,,,,,,,,
genuinely_missing,000000731,Centaur Light Carrier,AM,Astra Militarum,Other,False,,,,,,,,
genuinely_missing,000000740,Colossus,AM,Astra Militarum,Other,False,,,,,,,,
genuinely_missing,000000716,Commissar,AM,Astra Militarum,Characters,False,,,,,,,,
genuinely_missing,000004218,Commissar Graves on Foot,AM,Astra Militarum,Characters,False,,,,,,,,
genuinely_missing,000000766,Crassus,AM,Astra Militarum,Other,False,,,,,,,,
genuinely_missing,000000741,Cyclops Demolition Vehicle,AM,Astra Militarum,Other,False,,,,,,,,
genuinely_missing,000002374,Death Korps Grenadier Squad,AM,Astra Militarum,Other,False,,,,,,,,
genuinely_missing,000002613,Death Korps Of Krieg,AM,Astra Militarum,Battleline,False,,,,,,,,
genuinely_missing,000002378,Death Rider Commissar,AM,Astra Militarum,Characters,False,,,,,,,,
genuinely_missing,000000767,Dominus Armoured Siege Bombard,AM,Astra Militarum,Other,False,,,,,,,,
genuinely_missing,000000743,Earthshaker Carriage Battery,AM,Astra Militarum,Other,False,,,,,,,,
genuinely_missing,000002739,Earthshaker Platform,AM,Astra Militarum,Fortifications,False,,,,,,,,
genuinely_missing,000002740,Elysian Drop Sentinel,AM,Astra Militarum,Other,False,,,,,,,,
genuinely_missing,000002377,Elysian Sniper Squad,AM,Astra Militarum,Other,False,,,,,,,,
genuinely_missing,000000768,Gorgon Heavy Transport,AM,Astra Militarum,Other,False,,,,,,,,
genuinely_missing,000000744,Griffon Mortar Carrier,AM,Astra Militarum,Other,False,,,,,,,,
genuinely_missing,000000730,Hades Breaching Drill,AM,Astra Militarum,Other,False,,,,,,,,
genuinely_missing,000000747,Hydra Platform,AM,Astra Militarum,Fortifications,False,,,,,,,,
genuinely_missing,000002615,Kasrkin,AM,Astra Militarum,Other,False,,,,,,,,
genuinely_missing,000000700,Leman Russ Battle Tank,AM,Astra Militarum,Other,False,,,,,,,,
genuinely_missing,000003890,Lord Marshal Dreir,AM,Astra Militarum,Characters,False,,,,,,,,
genuinely_missing,000000769,Macharius,AM,Astra Militarum,Other,False,,,,,,,,
genuinely_missing,000000770,Macharius Omega,AM,Astra Militarum,Other,False,,,,,,,,
genuinely_missing,000000771,Macharius Vanquisher,AM,Astra Militarum,Other,False,,,,,,,,
genuinely_missing,000000772,Macharius Vulcan,AM,Astra Militarum,Other,False,,,,,,,,
genuinely_missing,000000753,Malcador,AM,Astra Militarum,Other,False,,,,,,,,
genuinely_missing,000000751,Malcador Annihilator,AM,Astra Militarum,Other,False,,,,,,,,
genuinely_missing,000000752,Malcador Defender,AM,Astra Militarum,Other,False,,,,,,,,
genuinely_missing,000000754,Malcador Infernus,AM,Astra Militarum,Other,False,,,,,,,,
genuinely_missing,000000755,Manticore Platform,AM,Astra Militarum,Fortifications,False,,,,,,,,
genuinely_missing,000000773,Marauder Bomber,AM,Astra Militarum,Other,False,,,,,,,,
genuinely_missing,000000774,Marauder Destroyer,AM,Astra Militarum,Other,False,,,,,,,,
genuinely_missing,000000756,Medusa Carriage Battery,AM,Astra Militarum,Other,False,,,,,,,,
genuinely_missing,000001394,Ministorum Priest,AM,Astra Militarum,Characters,False,,,,,,,,
genuinely_missing,000000775,Minotaur,AM,Astra Militarum,Other,False,,,,,,,,
genuinely_missing,000001383,Mukaali Riders,AM,Astra Militarum,Other,False,,,,,,,,
genuinely_missing,000001397,Munitorum Servitors,AM,Astra Militarum,Other,False,,,,,,,,
genuinely_missing,000001398,Ogryn Bodyguard,AM,Astra Militarum,Characters,False,,,,,,,,
genuinely_missing,000000776,Praetor,AM,Astra Militarum,Other,False,,,,,,,,
genuinely_missing,000002375,Quartermaster Cadre Squad,AM,Astra Militarum,Characters,False,,,,,,,,
genuinely_missing,000000757,Rapier Laser Destroyer Battery,AM,Astra Militarum,Other,False,,,,,,,,
genuinely_missing,000002610,Regimental Attachés,AM,Astra Militarum,Other,False,,,,,,,,
genuinely_missing,000001596,Rein And Raus,AM,Astra Militarum,Characters,False,,,,,,,,
genuinely_missing,000003892,Rogal Dorn Commander,AM,Astra Militarum,Characters,False,,,,,,,,
genuinely_missing,000000758,Sabre Weapons Battery,AM,Astra Militarum,Fortifications,False,,,,,,,,
genuinely_missing,000000729,Salamander Command Vehicle,AM,Astra Militarum,Other,False,,,,,,,,
genuinely_missing,000000735,Salamander Scout Vehicle,AM,Astra Militarum,Other,False,,,,,,,,
genuinely_missing,000000759,Sentinel Powerlifter,AM,Astra Militarum,Other,False,,,,,,,,
genuinely_missing,000001406,Sly Marbo,AM,Astra Militarum,Characters,False,,,,,,,,
genuinely_missing,000002379,Storm Chimera,AM,Astra Militarum,Dedicated Transports,False,,,,,,,,
genuinely_missing,000000763,Stormblade,AM,Astra Militarum,Other,False,,,,,,,,
genuinely_missing,000000760,Stygies Destroyer Tank Hunter,AM,Astra Militarum,Other,False,,,,,,,,
genuinely_missing,000000762,Tarantula Battery,AM,Astra Militarum,Other,False,,,,,,,,
genuinely_missing,000000736,Tauros Assault Vehicle,AM,Astra Militarum,Other,False,,,,,,,,
genuinely_missing,000000737,Tauros Venator,AM,Astra Militarum,Other,False,,,,,,,,
genuinely_missing,000000721,Taurox Prime,AM,Astra Militarum,Dedicated Transports,False,,,,,,,,
genuinely_missing,000000733,Trojan Support Vehicle,AM,Astra Militarum,Other,False,,,,,,,,
genuinely_missing,000002606,Ursula Creed,AM,Astra Militarum,Characters,False,,,,,,,,
genuinely_missing,000000777,Valdor,AM,Astra Militarum,Other,False,,,,,,,,
genuinely_missing,000001237,Valkyrie Sky Talon,AM,Astra Militarum,Other,False,,,,,,,,
genuinely_missing,000000783,Vendetta Gunship,AM,Astra Militarum,Other,False,,,,,,,,
genuinely_missing,000000781,Voss-pattern Lightning,AM,Astra Militarum,Other,False,,,,,,,,
genuinely_missing,000000784,Vulture Gunship,AM,Astra Militarum,Other,False,,,,,,,,
genuinely_missing,000002480,Aestred Thurga And Agathae Dolan,AS,Adepta Sororitas,Characters,False,,,,,,,,
genuinely_missing,000002068,Battle Sanctum,AS,Adepta Sororitas,Fortifications,False,,,,,,,,
genuinely_missing,000003811,Celestian Sacresant Aveline,AS,Adepta Sororitas,Characters,False,,,,,,,,
genuinely_missing,000000894,Crusaders,AS,Adepta Sororitas,Other,False,,,,,,,,
genuinely_missing,000002771,Daemonifuge,AS,Adepta Sororitas,Characters,False,,,,,,,,
genuinely_missing,000000895,Death Cult Assassins,AS,Adepta Sororitas,Other,False,,,,,,,,
genuinely_missing,000002482,Dogmata,AS,Adepta Sororitas,Characters,False,,,,,,,,
genuinely_missing,000000909,Dominion Squad,AS,Adepta Sororitas,Other,False,,,,,,,,
genuinely_missing,000001553,Ministorum Priest,AS,Adepta Sororitas,Characters,False,,,,,,,,
genuinely_missing,000002479,Morvenn Vahl,AS,Adepta Sororitas,Characters,False,,,,,,,,
genuinely_missing,000001199,Repressor,AS,Adepta Sororitas,Dedicated Transports,False,,,,,,,,
genuinely_missing,000004075,Sanctifiers,AS,Adepta Sororitas,Other,False,,,,,,,,
genuinely_missing,000002507,Sisters Novitiate Squad,AS,Adepta Sororitas,Other,False,,,,,,,,
genuinely_missing,000000910,Sororitas Rhino,AS,Adepta Sororitas,Dedicated Transports,False,,,,,,,,
genuinely_missing,000000846,Cybernetica Datasmith,AdM,Adeptus Mechanicus,Characters,False,,,,,,,,
genuinely_missing,000004211,Hastarii Exterminators,AdM,Adeptus Mechanicus,Other,False,,,,,,,,
genuinely_missing,000004212,Hastarii Fusiliers,AdM,Adeptus Mechanicus,Other,False,,,,,,,,
genuinely_missing,000000845,Kastelan Robots,AdM,Adeptus Mechanicus,Other,False,,,,,,,,
genuinely_missing,000001525,Secutarii Hoplites,AdM,Adeptus Mechanicus,Other,False,,,,,,,,
genuinely_missing,000001526,Secutarii Peltasts,AdM,Adeptus Mechanicus,Other,False,,,,,,,,
genuinely_missing,000004119,Servitor Battleclade,AdM,Adeptus Mechanicus,Other,False,,,,,,,,
genuinely_missing,000000847,Servitors,AdM,Adeptus Mechanicus,Other,False,,,,,,,,
genuinely_missing,000002477,Technoarcheologist,AdM,Adeptus Mechanicus,Characters,False,,,,,,,,
genuinely_missing,000001533,Terrax-pattern Termite,AdM,Adeptus Mechanicus,Dedicated Transports,False,,,,,,,,
genuinely_missing,000004210,Thulia Ghuld,AdM,Adeptus Mechanicus,Characters,False,,,,,,,,
genuinely_missing,000001822,X-101,AdM,Adeptus Mechanicus,Characters,False,,,,,,,,
genuinely_missing,000003828,Daemonhost,AoI,Agents of the Imperium,Other,False,,,,,,,,
genuinely_missing,000002761,Damned Legionnaires,AoI,Agents of the Imperium,Other,False,,,,,,,,
genuinely_missing,000003813,Grey Knights Terminator Squad,AoI,Agents of the Imperium,Other,False,,,,,,,,
genuinely_missing,000003830,Imperial Rhino,AoI,Agents of the Imperium,Dedicated Transports,False,,,,,,,,
genuinely_missing,000000877,Inquisitor,AoI,Agents of the Imperium,Characters,False,,,,,,,,
genuinely_missing,000000876,Inquisitor Coteaz,AoI,Agents of the Imperium,Characters,False,,,,,,,,
genuinely_missing,000002090,Inquisitor Draxus,AoI,Agents of the Imperium,Characters,False,,,,,,,,
genuinely_missing,000001579,Inquisitor Eisenhorn,AoI,Agents of the Imperium,Characters,False,,,,,,,,
genuinely_missing,000000875,Inquisitor Karamazov,AoI,Agents of the Imperium,Characters,False,,,,,,,,
genuinely_missing,000002767,Inquisitorial Agents,AoI,Agents of the Imperium,Other,False,,,,,,,,
genuinely_missing,000002763,Janus Draik,AoI,Agents of the Imperium,Characters,False,,,,,,,,
genuinely_missing,000003829,Jokaero Weaponsmith,AoI,Agents of the Imperium,Characters,False,,,,,,,,
genuinely_missing,000003812,Ministorum Priest,AoI,Agents of the Imperium,Characters,False,,,,,,,,
genuinely_missing,000002765,Navigator,AoI,Agents of the Imperium,Characters,False,,,,,,,,
genuinely_missing,000002764,Neyam Shai Murad,AoI,Agents of the Imperium,Characters,False,,,,,,,,
genuinely_missing,000002762,Rogue Trader Entourage,AoI,Agents of the Imperium,Characters,False,,,,,,,,
genuinely_missing,000004074,Sanctifiers,AoI,Agents of the Imperium,Other,False,,,,,,,,
genuinely_missing,000002684,Subductor Squad,AoI,Agents of the Imperium,Other,False,,,,,,,,
genuinely_missing,000002766,UR-025,AoI,Agents of the Imperium,Characters,False,,,,,,,,
genuinely_missing,000003823,Veteran Bike Squad,AoI,Agents of the Imperium,Other,False,,,,,,,,
genuinely_missing,000002683,Vigilant Squad,AoI,Agents of the Imperium,Battleline,False,,,,,,,,
genuinely_missing,000002509,Voidsmen-at-arms,AoI,Agents of the Imperium,Other,False,,,,,,,,
genuinely_missing,000004052,Accursed Cultists,CD,Chaos Daemons,Other,False,,,,,,,,
genuinely_missing,000001333,Aetaos’rau’keres,CD,Chaos Daemons,Characters,False,,,,,,,,
genuinely_missing,000001329,An’ggrath the Unbound,CD,Chaos Daemons,Characters,False,,,,,,,,
genuinely_missing,000001148,Be’lakor,CD,Chaos Daemons,Characters,False,,,,,,,,
genuinely_missing,000001115,Bloodcrushers,CD,Chaos Daemons,Other,False,,,,,,,,
genuinely_missing,000001455,Bloodmaster,CD,Chaos Daemons,Characters,False,,,,,,,,
genuinely_missing,000002583,Blue Horrors,CD,Chaos Daemons,Battleline,False,,,,,,,,
genuinely_missing,000001462,Changecaster,CD,Chaos Daemons,Characters,False,,,,,,,,
genuinely_missing,000004039,Chaos Lord On Disc Of Tzeentch,CD,Chaos Daemons,Characters,False,,,,,,,,
genuinely_missing,000004040,Chaos Lord On Juggernaut,CD,Chaos Daemons,Characters,False,,,,,,,,
genuinely_missing,000004041,Chaos Lord On Palanquin Of Nurgle,CD,Chaos Daemons,Characters,False,,,,,,,,
genuinely_missing,000004042,Chaos Lord On Steed Of Slaanesh,CD,Chaos Daemons,Characters,False,,,,,,,,
genuinely_missing,000004045,Cultist Firebrand,CD,Chaos Daemons,Characters,False,,,,,,,,
genuinely_missing,000004046,Dark Commune,CD,Chaos Daemons,Characters,False,,,,,,,,
genuinely_missing,000001129,Epidemius,CD,Chaos Daemons,Characters,False,,,,,,,,
genuinely_missing,000001463,Fateskimmer,CD,Chaos Daemons,Characters,False,,,,,,,,
genuinely_missing,000001470,Feculent Gnarlmaw,CD,Chaos Daemons,Fortifications,False,,,,,,,,
genuinely_missing,000004053,Fellgor Beastmen,CD,Chaos Daemons,Other,False,,,,,,,,
genuinely_missing,000001464,Fluxmaster,CD,Chaos Daemons,Characters,False,,,,,,,,
genuinely_missing,000001150,Furies,CD,Chaos Daemons,Other,False,,,,,,,,
genuinely_missing,000004055,Gellerpox Infected,CD,Chaos Daemons,Other,False,,,,,,,,
genuinely_missing,000004063,Havocs,CD,Chaos Daemons,Other,False,,,,,,,,
genuinely_missing,000004101,Hellflayer,CD,Chaos Daemons,Other,False,,,,,,,,
genuinely_missing,000001144,Hellflayers,CD,Chaos Daemons,Other,False,,,,,,,,
genuinely_missing,000001139,Herald Of Slaanesh On Steed Of Slaanesh,CD,Chaos Daemons,Characters,False,,,,,,,,
genuinely_missing,000001104,Karanak,CD,Chaos Daemons,Characters,False,,,,,,,,
genuinely_missing,000004102,Karanak,CD,Chaos Daemons,Characters,False,,,,,,,,
genuinely_missing,000004065,Master Of Possession,CD,Chaos Daemons,Characters,False,,,,,,,,
genuinely_missing,000004056,Mutoid Vermin,CD,Chaos Daemons,Other,False,,,,,,,,
genuinely_missing,000004057,Negavolt Cultists,CD,Chaos Daemons,Other,False,,,,,,,,
genuinely_missing,000001133,Nurglings,CD,Chaos Daemons,Battleline,False,,,,,,,,
genuinely_missing,000002584,Pink Horrors,CD,Chaos Daemons,Battleline,False,,,,,,,,
genuinely_missing,000001336,Plague Toads,CD,Chaos Daemons,Other,False,,,,,,,,
genuinely_missing,000001337,Pox Riders,CD,Chaos Daemons,Other,False,,,,,,,,
genuinely_missing,000001111,Rendmaster On Blood Throne,CD,Chaos Daemons,Characters,False,,,,,,,,
genuinely_missing,000004048,Renegade Enforcer,CD,Chaos Daemons,Characters,False,,,,,,,,
genuinely_missing,000004059,Renegade Ogryn Beast Handler,CD,Chaos Daemons,Other,False,,,,,,,,
genuinely_missing,000004060,Renegade Ogryn Brutes,CD,Chaos Daemons,Other,False,,,,,,,,
genuinely_missing,000004061,Renegade Plague Ogryns,CD,Chaos Daemons,Other,False,,,,,,,,
genuinely_missing,000004049,Rogue Psyker,CD,Chaos Daemons,Characters,False,,,,,,,,
genuinely_missing,000001340,Scabeiathrax The Bloated,CD,Chaos Daemons,Characters,False,,,,,,,,
genuinely_missing,000001588,Skull Altar,CD,Chaos Daemons,Fortifications,False,,,,,,,,
genuinely_missing,000001456,Skullmaster,CD,Chaos Daemons,Characters,False,,,,,,,,
genuinely_missing,000004069,Sorcerer On Disc Of Tzeentch,CD,Chaos Daemons,Characters,False,,,,,,,,
genuinely_missing,000004070,Sorcerer On Palanquin Of Nurgle,CD,Chaos Daemons,Characters,False,,,,,,,,
genuinely_missing,000004071,Sorcerer On Steed Of Slaanesh,CD,Chaos Daemons,Characters,False,,,,,,,,
genuinely_missing,000001338,Spined Chaos Beast,CD,Chaos Daemons,Other,False,,,,,,,,
genuinely_missing,000001649,Syll’esske,CD,Chaos Daemons,Characters,False,,,,,,,,
genuinely_missing,000001119,The Blue Scribes,CD,Chaos Daemons,Characters,False,,,,,,,,
genuinely_missing,000004100,Tormentbringer,CD,Chaos Daemons,Characters,False,,,,,,,,
genuinely_missing,000001141,Tormentbringer On Exalted Seeker Chariot,CD,Chaos Daemons,Characters,False,,,,,,,,
genuinely_missing,000004047,Traitor Enforcer,CD,Chaos Daemons,Characters,False,,,,,,,,
genuinely_missing,000004054,Traitor Guardsmen Squad,CD,Chaos Daemons,Other,False,,,,,,,,
genuinely_missing,000001138,Tranceweaver,CD,Chaos Daemons,Characters,False,,,,,,,,
genuinely_missing,000001332,Zarakynel,CD,Chaos Daemons,Characters,False,,,,,,,,
genuinely_missing,000002571,Accursed Cultists,CSM,Chaos Space Marines,Other,False,,,,,,,,
genuinely_missing,000001293,Blood Slaughterer,CSM,Chaos Space Marines,Other,False,,,,,,,,
genuinely_missing,000003630,Cerberus,CSM,Chaos Space Marines,Other,False,,,,,,,,
genuinely_missing,000000957,Chaos Bikers,CSM,Chaos Space Marines,Other,False,,,,,,,,
genuinely_missing,000001302,Chaos Deimos Predator,CSM,Chaos Space Marines,Other,False,,,,,,,,
genuinely_missing,000000931,Chaos Lord On Bike,CSM,Chaos Space Marines,Characters,False,,,,,,,,
genuinely_missing,000000933,Chaos Lord On Disc Of Tzeentch,CSM,Chaos Space Marines,Characters,False,,,,,,,,
genuinely_missing,000000932,Chaos Lord On Juggernaut,CSM,Chaos Space Marines,Characters,False,,,,,,,,
genuinely_missing,000000934,Chaos Lord On Palanquin Of Nurgle,CSM,Chaos Space Marines,Characters,False,,,,,,,,
genuinely_missing,000000935,Chaos Lord On Steed Of Slaanesh,CSM,Chaos Space Marines,Characters,False,,,,,,,,
genuinely_missing,000002572,Chaos Predator Annihilator,CSM,Chaos Space Marines,Other,False,,,,,,,,
genuinely_missing,000000963,Chaos Predator Destructor,CSM,Chaos Space Marines,Other,False,,,,,,,,
genuinely_missing,000001321,Chaos Thunderhawk,CSM,Chaos Space Marines,Other,False,,,,,,,,
genuinely_missing,000000964,Chaos Vindicator,CSM,Chaos Space Marines,Other,False,,,,,,,,
genuinely_missing,000003712,Cultist Firebrand,CSM,Chaos Space Marines,Characters,False,,,,,,,,
genuinely_missing,000002569,Dark Commune,CSM,Chaos Space Marines,Characters,False,,,,,,,,
genuinely_missing,000001295,Decimator,CSM,Chaos Space Marines,Other,False,,,,,,,,
genuinely_missing,000001355,Exalted Champion,CSM,Chaos Space Marines,Characters,False,,,,,,,,
genuinely_missing,000003654,Fellblade,CSM,Chaos Space Marines,Other,False,,,,,,,,
genuinely_missing,000001604,Fellgor Beastmen,CSM,Chaos Space Marines,Other,False,,,,,,,,
genuinely_missing,000003618,Fire Raptor Gunship,CSM,Chaos Space Marines,Other,False,,,,,,,,
genuinely_missing,000002592,Gellerpox Infected,CSM,Chaos Space Marines,Other,False,,,,,,,,
genuinely_missing,000001294,Greater Blight Drone,CSM,Chaos Space Marines,Other,False,,,,,,,,
genuinely_missing,000001298,Greater Brass Scorpion,CSM,Chaos Space Marines,Other,False,,,,,,,,
genuinely_missing,000000966,Havocs,CSM,Chaos Space Marines,Other,False,,,,,,,,
genuinely_missing,000001317,Hell Blade,CSM,Chaos Space Marines,Other,False,,,,,,,,
genuinely_missing,000001318,Hell Talon,CSM,Chaos Space Marines,Other,False,,,,,,,,
genuinely_missing,000001311,Kharybdis Assault Claw,CSM,Chaos Space Marines,Other,False,,,,,,,,
genuinely_missing,000003582,Khorne Berzerkers,CSM,Chaos Space Marines,Battleline,False,,,,,,,,
genuinely_missing,000003634,Kratos,CSM,Chaos Space Marines,Other,False,,,,,,,,
genuinely_missing,000001297,Kytan Ravager,CSM,Chaos Space Marines,Other,False,,,,,,,,
genuinely_missing,000003610,Land Raider Achilles,CSM,Chaos Space Marines,Other,False,,,,,,,,
genuinely_missing,000003614,Land Raider Proteus,CSM,Chaos Space Marines,Other,False,,,,,,,,
genuinely_missing,000003650,Leviathan Dreadnought,CSM,Chaos Space Marines,Other,False,,,,,,,,
genuinely_missing,000001583,Lord Discordant On Helstalker,CSM,Chaos Space Marines,Characters,False,,,,,,,,
genuinely_missing,000001581,Master Of Possession,CSM,Chaos Space Marines,Characters,False,,,,,,,,
genuinely_missing,000004190,Masters of the Maelstrom,CSM,Chaos Space Marines,Other,False,,,,,,,,
genuinely_missing,000003646,Mastodon,CSM,Chaos Space Marines,Other,False,,,,,,,,
genuinely_missing,000004206,Mutilators,CSM,Chaos Space Marines,Other,False,,,,,,,,
genuinely_missing,000002591,Mutoid Vermin,CSM,Chaos Space Marines,Other,False,,,,,,,,
genuinely_missing,000001601,Negavolt Cultists,CSM,Chaos Space Marines,Other,False,,,,,,,,
genuinely_missing,000003876,Nemesis Claw,CSM,Chaos Space Marines,Other,False,,,,,,,,
genuinely_missing,000001587,Noctilith Crown,CSM,Chaos Space Marines,Fortifications,False,,,,,,,,
genuinely_missing,000000965,Obliterators,CSM,Chaos Space Marines,Other,False,,,,,,,,
genuinely_missing,000003670,Rapier Carrier,CSM,Chaos Space Marines,Other,False,,,,,,,,
genuinely_missing,000002731,Renegade Enforcer,CSM,Chaos Space Marines,Characters,False,,,,,,,,
genuinely_missing,000002733,Renegade Ogryn Beast Handler,CSM,Chaos Space Marines,Other,False,,,,,,,,
genuinely_missing,000002734,Renegade Ogryn Brutes,CSM,Chaos Space Marines,Other,False,,,,,,,,
genuinely_missing,000002735,Renegade Plague Ogryns,CSM,Chaos Space Marines,Other,False,,,,,,,,
genuinely_missing,000001600,Rogue Psyker,CSM,Chaos Space Marines,Characters,False,,,,,,,,
genuinely_missing,000003642,Sicaran Battle Tank,CSM,Chaos Space Marines,Other,False,,,,,,,,
genuinely_missing,000003686,Sicaran Punisher,CSM,Chaos Space Marines,Other,False,,,,,,,,
genuinely_missing,000003678,Sicaran Venator,CSM,Chaos Space Marines,Other,False,,,,,,,,
genuinely_missing,000003638,Sokar-pattern Stormbird,CSM,Chaos Space Marines,Other,False,,,,,,,,
genuinely_missing,000000940,Sorcerer On Bike,CSM,Chaos Space Marines,Characters,False,,,,,,,,
genuinely_missing,000000941,Sorcerer On Disc Of Tzeentch,CSM,Chaos Space Marines,Characters,False,,,,,,,,
genuinely_missing,000000942,Sorcerer On Palanquin Of Nurgle,CSM,Chaos Space Marines,Characters,False,,,,,,,,
genuinely_missing,000000943,Sorcerer On Steed Of Slaanesh,CSM,Chaos Space Marines,Characters,False,,,,,,,,
genuinely_missing,000003606,Terrax-pattern Termite,CSM,Chaos Space Marines,Dedicated Transports,False,,,,,,,,
genuinely_missing,000002589,Traitor Enforcer,CSM,Chaos Space Marines,Characters,False,,,,,,,,
genuinely_missing,000002590,Traitor Guardsmen Squad,CSM,Chaos Space Marines,Other,False,,,,,,,,
genuinely_missing,000003682,Typhon,CSM,Chaos Space Marines,Other,False,,,,,,,,
genuinely_missing,000002679,Vashtorr The Arkifane,CSM,Chaos Space Marines,Characters,False,,,,,,,,
genuinely_missing,000001586,Venomcrawler,CSM,Chaos Space Marines,Other,False,,,,,,,,
genuinely_missing,000003662,Whirlwind Scorpius,CSM,Chaos Space Marines,Other,False,,,,,,,,
genuinely_missing,000003666,Xiphon Interceptor,CSM,Chaos Space Marines,Other,False,,,,,,,,
genuinely_missing,000003628,Cerberus,DG,Death Guard,Other,False,,,,,,,,
genuinely_missing,000003592,Chaos Lord On Palanquin Of Nurgle,DG,Death Guard,Characters,False,,,,,,,,
genuinely_missing,000001050,Chaos Predator Annihilator,DG,Death Guard,Other,False,,,,,,,,
genuinely_missing,000002461,Chaos Predator Destructor,DG,Death Guard,Other,False,,,,,,,,
genuinely_missing,000003585,Chaos Thunderhawk,DG,Death Guard,Other,False,,,,,,,,
genuinely_missing,000001037,Death Guard Chaos Lord,DG,Death Guard,Characters,False,,,,,,,,
genuinely_missing,000001038,Death Guard Chaos Lord In Terminator Armour,DG,Death Guard,Characters,False,,,,,,,,
genuinely_missing,000001043,Death Guard Cultists,DG,Death Guard,Other,False,,,,,,,,
genuinely_missing,000001371,Deathshroud Terminators,DG,Death Guard,Other,False,,,,,,,,
genuinely_missing,000003652,Fellblade,DG,Death Guard,Other,False,,,,,,,,
genuinely_missing,000003616,Fire Raptor Gunship,DG,Death Guard,Other,False,,,,,,,,
genuinely_missing,000003593,Gellerpox Infected,DG,Death Guard,Other,False,,,,,,,,
genuinely_missing,000003586,Greater Blight Drone,DG,Death Guard,Other,False,,,,,,,,
genuinely_missing,000003594,Hell Blade,DG,Death Guard,Other,False,,,,,,,,
genuinely_missing,000003595,Hell Talon,DG,Death Guard,Other,False,,,,,,,,
genuinely_missing,000003632,Kratos,DG,Death Guard,Other,False,,,,,,,,
genuinely_missing,000003608,Land Raider Achilles,DG,Death Guard,Other,False,,,,,,,,
genuinely_missing,000003612,Land Raider Proteus,DG,Death Guard,Other,False,,,,,,,,
genuinely_missing,000003648,Leviathan Dreadnought,DG,Death Guard,Other,False,,,,,,,,
genuinely_missing,000003644,Mastodon,DG,Death Guard,Other,False,,,,,,,,
genuinely_missing,000003596,Mutoid Vermin,DG,Death Guard,Other,False,,,,,,,,
genuinely_missing,000001374,Myphitic Blight-hauler,DG,Death Guard,Other,False,,,,,,,,
genuinely_missing,000004116,Nurglings,DG,Death Guard,Other,False,,,,,,,,
genuinely_missing,000001369,Plague Surgeon,DG,Death Guard,Characters,False,,,,,,,,
genuinely_missing,000003668,Rapier Carrier,DG,Death Guard,Other,False,,,,,,,,
genuinely_missing,000003640,Sicaran Battle Tank,DG,Death Guard,Other,False,,,,,,,,
genuinely_missing,000003684,Sicaran Punisher,DG,Death Guard,Other,False,,,,,,,,
genuinely_missing,000003676,Sicaran Venator,DG,Death Guard,Other,False,,,,,,,,
genuinely_missing,000003636,Sokar-pattern Stormbird,DG,Death Guard,Other,False,,,,,,,,
genuinely_missing,000003600,Sorcerer On Palanquin Of Nurgle,DG,Death Guard,Characters,False,,,,,,,,
genuinely_missing,000001370,Tallyman,DG,Death Guard,Characters,False,,,,,,,,
genuinely_missing,000003604,Terrax-pattern Termite,DG,Death Guard,Dedicated Transports,False,,,,,,,,
genuinely_missing,000003680,Typhon,DG,Death Guard,Other,False,,,,,,,,
genuinely_missing,000001053,Typhus,DG,Death Guard,Characters,False,,,,,,,,
genuinely_missing,000003660,Whirlwind Scorpius,DG,Death Guard,Other,False,,,,,,,,
genuinely_missing,000003664,Xiphon Interceptor,DG,Death Guard,Other,False,,,,,,,,
genuinely_missing,000000652,Beastmaster,DRU,Drukhari,Characters,False,,,,,,,,
genuinely_missing,000004170,Corsair Cloud Dancer Band,DRU,Drukhari,Other,False,,,,,,,,
genuinely_missing,000004171,Corsair Reaver Band,DRU,Drukhari,Other,False,,,,,,,,
genuinely_missing,000004168,Corsair Voidreavers,DRU,Drukhari,Battleline,False,,,,,,,,
genuinely_missing,000004169,Corsair Voidscarred,DRU,Drukhari,Other,False,,,,,,,,
genuinely_missing,000002471,Court of the Archon,DRU,Drukhari,Other,False,,,,,,,,
genuinely_missing,000000651,Grotesques,DRU,Drukhari,Other,False,,,,,,,,
genuinely_missing,000004156,Hand of the Archon,DRU,Drukhari,Other,False,,,,,,,,
genuinely_missing,000004155,Lady Malys,DRU,Drukhari,Characters,False,,,,,,,,
genuinely_missing,000004198,Prince Yriel,DRU,Drukhari,Characters,False,,,,,,,,
genuinely_missing,000001390,Raven Strike Fighter,DRU,Drukhari,Other,False,,,,,,,,
genuinely_missing,000000666,Reaper,DRU,Drukhari,Other,False,,,,,,,,
genuinely_missing,000000667,Tantalus,DRU,Drukhari,Other,False,,,,,,,,
genuinely_missing,000000642,Urien Rakarth,DRU,Drukhari,Characters,False,,,,,,,,
genuinely_missing,000003955,Aegis Defence Line,GC,Genestealer Cults,Fortifications,False,,,,,,,,
genuinely_missing,000003994,Arkurian Stormhammer,GC,Genestealer Cults,Other,False,,,,,,,,
genuinely_missing,000003995,Armageddon-pattern Medusa,GC,Genestealer Cults,Other,False,,,,,,,,
genuinely_missing,000003961,Artillery Team,GC,Genestealer Cults,Other,False,,,,,,,,
genuinely_missing,000003996,Atlas Recovery Vehicle,GC,Genestealer Cults,Other,False,,,,,,,,
genuinely_missing,000003962,Attilan Rough Riders,GC,Genestealer Cults,Other,False,,,,,,,,
genuinely_missing,000003715,Benefictus,GC,Genestealer Cults,Characters,False,,,,,,,,
genuinely_missing,000003997,Carnodon,GC,Genestealer Cults,Other,False,,,,,,,,
genuinely_missing,000003949,Catachan Jungle Fighters,GC,Genestealer Cults,Battleline,False,,,,,,,,
genuinely_missing,000003998,Centaur Light Carrier,GC,Genestealer Cults,Other,False,,,,,,,,
genuinely_missing,000003999,Colossus,GC,Genestealer Cults,Other,False,,,,,,,,
genuinely_missing,000004000,Crassus,GC,Genestealer Cults,Other,False,,,,,,,,
genuinely_missing,000003993,Cyclops Demolition Vehicle,GC,Genestealer Cults,Other,False,,,,,,,,
genuinely_missing,000004001,Death Korps Grenadier Squad,GC,Genestealer Cults,Other,False,,,,,,,,
genuinely_missing,000004002,Dominus Armoured Siege Bombard,GC,Genestealer Cults,Other,False,,,,,,,,
genuinely_missing,000004003,Earthshaker Carriage Battery,GC,Genestealer Cults,Other,False,,,,,,,,
genuinely_missing,000003956,Earthshaker Platform,GC,Genestealer Cults,Fortifications,False,,,,,,,,
genuinely_missing,000004004,Elysian Drop Sentinel,GC,Genestealer Cults,Other,False,,,,,,,,
genuinely_missing,000004005,Elysian Sniper Squad,GC,Genestealer Cults,Other,False,,,,,,,,
genuinely_missing,000003881,Gargoyles,GC,Genestealer Cults,Battleline,False,,,,,,,,
genuinely_missing,000004006,Gorgon Heavy Transport,GC,Genestealer Cults,Other,False,,,,,,,,
genuinely_missing,000004007,Griffon Mortar Carrier,GC,Genestealer Cults,Other,False,,,,,,,,
genuinely_missing,000004008,Hades Breaching Drill,GC,Genestealer Cults,Other,False,,,,,,,,
genuinely_missing,000003957,Hydra Platform,GC,Genestealer Cults,Fortifications,False,,,,,,,,
genuinely_missing,000003976,Kasrkin,GC,Genestealer Cults,Other,False,,,,,,,,
genuinely_missing,000003979,Leman Russ Battle Tank,GC,Genestealer Cults,Other,False,,,,,,,,
genuinely_missing,000004011,Macharius,GC,Genestealer Cults,Other,False,,,,,,,,
genuinely_missing,000004012,Macharius Omega,GC,Genestealer Cults,Other,False,,,,,,,,
genuinely_missing,000004013,Macharius Vanquisher,GC,Genestealer Cults,Other,False,,,,,,,,
genuinely_missing,000004014,Macharius Vulcan,GC,Genestealer Cults,Other,False,,,,,,,,
genuinely_missing,000004015,Malcador,GC,Genestealer Cults,Other,False,,,,,,,,
genuinely_missing,000004016,Malcador Annihilator,GC,Genestealer Cults,Other,False,,,,,,,,
genuinely_missing,000004017,Malcador Defender,GC,Genestealer Cults,Other,False,,,,,,,,
genuinely_missing,000004018,Malcador Infernus,GC,Genestealer Cults,Other,False,,,,,,,,
genuinely_missing,000003958,Manticore Platform,GC,Genestealer Cults,Fortifications,False,,,,,,,,
genuinely_missing,000004019,Medusa Carriage Battery,GC,Genestealer Cults,Other,False,,,,,,,,
genuinely_missing,000004020,Minotaur,GC,Genestealer Cults,Other,False,,,,,,,,
genuinely_missing,000004021,Mukaali Riders,GC,Genestealer Cults,Other,False,,,,,,,,
genuinely_missing,000004022,Munitorum Servitors,GC,Genestealer Cults,Other,False,,,,,,,,
genuinely_missing,000000507,Patriarch,GC,Genestealer Cults,Characters,False,,,,,,,,
genuinely_missing,000004023,Praetor,GC,Genestealer Cults,Other,False,,,,,,,,
genuinely_missing,000000509,Primus,GC,Genestealer Cults,Characters,False,,,,,,,,
genuinely_missing,000000515,Purestrain Genestealers,GC,Genestealer Cults,Other,False,,,,,,,,
genuinely_missing,000003946,Quartermaster Cadre Squad,GC,Genestealer Cults,Characters,False,,,,,,,,
genuinely_missing,000004024,Rapier Laser Destroyer Battery,GC,Genestealer Cults,Other,False,,,,,,,,
genuinely_missing,000004025,Regimental Attachés,GC,Genestealer Cults,Other,False,,,,,,,,
genuinely_missing,000003944,Rogal Dorn Commander,GC,Genestealer Cults,Characters,False,,,,,,,,
genuinely_missing,000003959,Sabre Weapons Battery,GC,Genestealer Cults,Fortifications,False,,,,,,,,
genuinely_missing,000004026,Salamander Command Vehicle,GC,Genestealer Cults,Other,False,,,,,,,,
genuinely_missing,000004027,Salamander Scout Vehicle,GC,Genestealer Cults,Other,False,,,,,,,,
genuinely_missing,000004028,Sentinel Powerlifter,GC,Genestealer Cults,Other,False,,,,,,,,
genuinely_missing,000003954,Storm Chimera,GC,Genestealer Cults,Dedicated Transports,False,,,,,,,,
genuinely_missing,000004029,Stormblade,GC,Genestealer Cults,Other,False,,,,,,,,
genuinely_missing,000004030,Stygies Destroyer Tank Hunter,GC,Genestealer Cults,Other,False,,,,,,,,
genuinely_missing,000004031,Tarantula Battery,GC,Genestealer Cults,Other,False,,,,,,,,
genuinely_missing,000004032,Tauros Assault Vehicle,GC,Genestealer Cults,Other,False,,,,,,,,
genuinely_missing,000004033,Tauros Venator,GC,Genestealer Cults,Other,False,,,,,,,,
genuinely_missing,000003953,Taurox Prime,GC,Genestealer Cults,Dedicated Transports,False,,,,,,,,
genuinely_missing,000001576,Tectonic Fragdrill,GC,Genestealer Cults,Fortifications,False,,,,,,,,
genuinely_missing,000004034,Trojan Support Vehicle,GC,Genestealer Cults,Other,False,,,,,,,,
genuinely_missing,000004035,Valdor,GC,Genestealer Cults,Other,False,,,,,,,,
genuinely_missing,000000376,Brother-captain,GK,Grey Knights,Characters,False,,,,,,,,
genuinely_missing,000000377,Brother-captain Stern,GK,Grey Knights,Characters,False,,,,,,,,
genuinely_missing,000000379,Brotherhood Champion,GK,Grey Knights,Characters,False,,,,,,,,
genuinely_missing,000001362,Brotherhood Chaplain,GK,Grey Knights,Characters,False,,,,,,,,
genuinely_missing,000001361,Brotherhood Librarian,GK,Grey Knights,Characters,False,,,,,,,,
genuinely_missing,000000399,Brotherhood Techmarine,GK,Grey Knights,Characters,False,,,,,,,,
genuinely_missing,000000375,Grand Master,GK,Grey Knights,Characters,False,,,,,,,,
genuinely_missing,000001360,Grand Master In Nemesis Dreadknight,GK,Grey Knights,Characters,False,,,,,,,,
genuinely_missing,000000390,Grey Knights Dreadnought,GK,Grey Knights,Other,False,,,,,,,,
genuinely_missing,000002768,Grey Knights Relic Razorback,GK,Grey Knights,Dedicated Transports,False,,,,,,,,
genuinely_missing,000001197,Grey Knights Thunderhawk Gunship,GK,Grey Knights,Other,False,,,,,,,,
genuinely_missing,000000373,Kaldor Draigo,GK,Grey Knights,Characters,False,,,,,,,,
genuinely_missing,000000395,Razorback,GK,Grey Knights,Dedicated Transports,False,,,,,,,,
genuinely_missing,000000397,Servitors,GK,Grey Knights,Other,False,,,,,,,,
genuinely_missing,000004142,Arkanyst Evaluator,LoV,Leagues of Votann,Characters,False,,,,,,,,
genuinely_missing,000004201,Berehk Stornbröw,LoV,Leagues of Votann,Characters,False,,,,,,,,
genuinely_missing,000002597,Brôkhyr Iron-master,LoV,Leagues of Votann,Characters,False,,,,,,,,
genuinely_missing,000002603,Brôkhyr Thunderkyn,LoV,Leagues of Votann,Other,False,,,,,,,,
genuinely_missing,000004140,Buri Aegnirssen,LoV,Leagues of Votann,Characters,False,,,,,,,,
genuinely_missing,000002600,Cthonian Beserks,LoV,Leagues of Votann,Other,False,,,,,,,,
genuinely_missing,000004145,Cthonian Earthshakers,LoV,Leagues of Votann,Other,False,,,,,,,,
genuinely_missing,000002595,Einhyr Champion,LoV,Leagues of Votann,Characters,False,,,,,,,,
genuinely_missing,000002599,Einhyr Hearthguard,LoV,Leagues of Votann,Other,False,,,,,,,,
genuinely_missing,000002596,Grimnyr,LoV,Leagues of Votann,Characters,False,,,,,,,,
genuinely_missing,000002598,Hearthkyn Warriors,LoV,Leagues of Votann,Battleline,False,,,,,,,,
genuinely_missing,000002604,Hekaton Land Fortress,LoV,Leagues of Votann,Other,False,,,,,,,,
genuinely_missing,000002601,Hernkyn Pioneers,LoV,Leagues of Votann,Other,False,,,,,,,,
genuinely_missing,000003710,Hernkyn Yaegirs,LoV,Leagues of Votann,Other,False,,,,,,,,
genuinely_missing,000004143,Ironkin Steeljacks with Heavy Volkanite Disintegrators,LoV,Leagues of Votann,Other,False,,,,,,,,
genuinely_missing,000004144,Ironkin Steeljacks with Melee Weapons,LoV,Leagues of Votann,Other,False,,,,,,,,
genuinely_missing,000004147,Kapricus Carrier,LoV,Leagues of Votann,Dedicated Transports,False,,,,,,,,
genuinely_missing,000004146,Kapricus Defenders,LoV,Leagues of Votann,Other,False,,,,,,,,
genuinely_missing,000002594,Kâhl,LoV,Leagues of Votann,Characters,False,,,,,,,,
genuinely_missing,000004141,Memnyr Strategist,LoV,Leagues of Votann,Characters,False,,,,,,,,
genuinely_missing,000002602,Sagitaur,LoV,Leagues of Votann,Dedicated Transports,False,,,,,,,,
genuinely_missing,000002593,Ûthar the Destined,LoV,Leagues of Votann,Characters,False,,,,,,,,
genuinely_missing,000000531,Anrakyr The Traveller,NEC,Necrons,Characters,False,,,,,,,,
genuinely_missing,000000559,Canoptek Acanthrites,NEC,Necrons,Other,False,,,,,,,,
genuinely_missing,000004176,Canoptek Macrocytes,NEC,Necrons,Other,False,,,,,,,,
genuinely_missing,000004177,Canoptek Tomb Crawlers,NEC,Necrons,Other,False,,,,,,,,
genuinely_missing,000000560,Canoptek Tomb Sentinel,NEC,Necrons,Other,False,,,,,,,,
genuinely_missing,000000542,C’tan Shard of the Deceiver,NEC,Necrons,Characters,False,,,,,,,,
genuinely_missing,000000567,Gauss Pylon,NEC,Necrons,Fortifications,False,,,,,,,,
genuinely_missing,000004178,Geomancer,NEC,Necrons,Characters,False,,,,,,,,
genuinely_missing,000002359,Lokhust Destroyers,NEC,Necrons,Other,False,,,,,,,,
genuinely_missing,000002351,Lokhust Lord,NEC,Necrons,Characters,False,,,,,,,,
genuinely_missing,000000524,Lord,NEC,Necrons,Characters,False,,,,,,,,
genuinely_missing,000000527,Nemesor Zahndrekh,NEC,Necrons,Characters,False,,,,,,,,
genuinely_missing,000000561,Night Shroud,NEC,Necrons,Other,False,,,,,,,,
genuinely_missing,000000562,Sentry Pylon,NEC,Necrons,Fortifications,False,,,,,,,,
genuinely_missing,000001577,Seraptek Heavy Construct,NEC,Necrons,Other,False,,,,,,,,
genuinely_missing,000002352,Technomancer,NEC,Necrons,Characters,False,,,,,,,,
genuinely_missing,000000564,Tesseract Ark,NEC,Necrons,Other,False,,,,,,,,
genuinely_missing,000002362,Tomb Citadel Walls,NEC,Necrons,Fortifications,False,,,,,,,,
genuinely_missing,000000555,Transcendent C’tan,NEC,Necrons,Characters,False,,,,,,,,
genuinely_missing,000000532,Trazyn The Infinite,NEC,Necrons,Characters,False,,,,,,,,
genuinely_missing,000000528,Vargard Obyron,NEC,Necrons,Characters,False,,,,,,,,
genuinely_missing,000001386,Attack Fighta,ORK,Orks,Other,False,,,,,,,,
genuinely_missing,000000037,Big Gunz,ORK,Orks,Other,False,,,,,,,,
genuinely_missing,000000007,Big Mek On Warbike,ORK,Orks,Characters,False,,,,,,,,
genuinely_missing,000002080,Big Mek With Kustom Force Field,ORK,Orks,Characters,False,,,,,,,,
genuinely_missing,000000054,Big Trakk,ORK,Orks,Other,False,,,,,,,,
genuinely_missing,000002499,Big’ed Bossbunka,ORK,Orks,Fortifications,False,,,,,,,,
genuinely_missing,000000011,Boss Snikrot,ORK,Orks,Characters,False,,,,,,,,
genuinely_missing,000000010,Boss Zagstruk,ORK,Orks,Characters,False,,,,,,,,
genuinely_missing,000003861,Breaka Boyz,ORK,Orks,Other,False,,,,,,,,
genuinely_missing,000000057,Chinork Warkopta,ORK,Orks,Other,False,,,,,,,,
genuinely_missing,000001388,Deff Rolla Battle Fortress,ORK,Orks,Other,False,,,,,,,,
genuinely_missing,000002736,Deffkoptas With Big Shootas,ORK,Orks,Other,False,,,,,,,,
genuinely_missing,000001387,Fighta-bommer,ORK,Orks,Other,False,,,,,,,,
genuinely_missing,000000059,Gargantuan Squiggoth,ORK,Orks,Other,False,,,,,,,,
genuinely_missing,000001385,Grot Bomm Launcha,ORK,Orks,Other,False,,,,,,,,
genuinely_missing,000000050,Grot Mega-tank,ORK,Orks,Other,False,,,,,,,,
genuinely_missing,000000049,Grot Tanks,ORK,Orks,Other,False,,,,,,,,
genuinely_missing,000000055,Kannonwagon,ORK,Orks,Other,False,,,,,,,,
genuinely_missing,000000009,Kaptin Badrukk,ORK,Orks,Characters,False,,,,,,,,
genuinely_missing,000001389,Kill Krusha,ORK,Orks,Other,False,,,,,,,,
genuinely_missing,000000056,Kill Tank,ORK,Orks,Other,False,,,,,,,,
genuinely_missing,000000025,Kommandos,ORK,Orks,Other,False,,,,,,,,
genuinely_missing,000000053,Lifta Wagon,ORK,Orks,Other,False,,,,,,,,
genuinely_missing,000000015,Mad Dok Grotsnik,ORK,Orks,Characters,False,,,,,,,,
genuinely_missing,000002453,Mega Dread,ORK,Orks,Other,False,,,,,,,,
genuinely_missing,000000052,Meka-dread,ORK,Orks,Other,False,,,,,,,,
genuinely_missing,000001545,Mekboy Workshop,ORK,Orks,Fortifications,False,,,,,,,,
genuinely_missing,000000022,Nob With Waaagh! Banner,ORK,Orks,Characters,False,,,,,,,,
genuinely_missing,000000023,Nobz On Warbikes,ORK,Orks,Other,False,,,,,,,,
genuinely_missing,000000014,Painboy On Warbike,ORK,Orks,Characters,False,,,,,,,,
genuinely_missing,000000035,Skorchas,ORK,Orks,Other,False,,,,,,,,
genuinely_missing,000000051,Squiggoth,ORK,Orks,Other,False,,,,,,,,
genuinely_missing,000000020,Tankbustas,ORK,Orks,Other,False,,,,,,,,
genuinely_missing,000000033,Warbikers,ORK,Orks,Other,False,,,,,,,,
genuinely_missing,000000001,Warboss,ORK,Orks,Characters,False,,,,,,,,
genuinely_missing,000000003,Warboss On Warbike,ORK,Orks,Characters,False,,,,,,,,
genuinely_missing,000000036,Warbuggies,ORK,Orks,Other,False,,,,,,,,
genuinely_missing,000000034,Wartrakks,ORK,Orks,Other,False,,,,,,,,
genuinely_missing,000000004,Weirdboy,ORK,Orks,Characters,False,,,,,,,,
genuinely_missing,000002492,Wurrboy,ORK,Orks,Characters,False,,,,,,,,
genuinely_missing,000001664,Acastus Knight Asterius,QI,Imperial Knights,Other,False,,,,,,,,
genuinely_missing,000000860,Acastus Knight Porphyrion,QI,Imperial Knights,Other,False,,,,,,,,
genuinely_missing,000002769,Armiger Moirax,QI,Imperial Knights,Other,False,,,,,,,,
genuinely_missing,000000861,Cerastus Knight Acheron,QI,Imperial Knights,Characters,False,,,,,,,,
genuinely_missing,000000862,Cerastus Knight Atrapos,QI,Imperial Knights,Characters,False,,,,,,,,
genuinely_missing,000000863,Cerastus Knight Castigator,QI,Imperial Knights,Characters,False,,,,,,,,
genuinely_missing,000000864,Cerastus Knight Lancer,QI,Imperial Knights,Characters,False,,,,,,,,
genuinely_missing,000000865,Questoris Knight Magaera,QI,Imperial Knights,Characters,False,,,,,,,,
genuinely_missing,000000866,Questoris Knight Styrix,QI,Imperial Knights,Characters,False,,,,,,,,
genuinely_missing,000002770,Sir Hekhtur,QI,Imperial Knights,Characters,False,,,,,,,,
genuinely_missing,000003851,Accursed Cultists,QT,Chaos Knights,Other,False,,,,,,,,
genuinely_missing,000001662,Chaos Acastus Knight Asterius,QT,Chaos Knights,Other,False,,,,,,,,
genuinely_missing,000001099,Chaos Acastus Knight Porphyrion,QT,Chaos Knights,Other,False,,,,,,,,
genuinely_missing,000001094,Chaos Cerastus Knight Acheron,QT,Chaos Knights,Characters,False,,,,,,,,
genuinely_missing,000001097,Chaos Cerastus Knight Atrapos,QT,Chaos Knights,Characters,False,,,,,,,,
genuinely_missing,000001096,Chaos Cerastus Knight Castigator,QT,Chaos Knights,Characters,False,,,,,,,,
genuinely_missing,000001095,Chaos Cerastus Knight Lancer,QT,Chaos Knights,Characters,False,,,,,,,,
genuinely_missing,000001098,Chaos Questoris Knight Magaera,QT,Chaos Knights,Characters,False,,,,,,,,
genuinely_missing,000001100,Chaos Questoris Knight Styrix,QT,Chaos Knights,Characters,False,,,,,,,,
genuinely_missing,000003844,Cultist Firebrand,QT,Chaos Knights,Characters,False,,,,,,,,
genuinely_missing,000003845,Dark Commune,QT,Chaos Knights,Characters,False,,,,,,,,
genuinely_missing,000003852,Fellgor Beastmen,QT,Chaos Knights,Other,False,,,,,,,,
genuinely_missing,000003854,Gellerpox Infected,QT,Chaos Knights,Other,False,,,,,,,,
genuinely_missing,000003855,Mutoid Vermin,QT,Chaos Knights,Other,False,,,,,,,,
genuinely_missing,000003856,Negavolt Cultists,QT,Chaos Knights,Other,False,,,,,,,,
genuinely_missing,000003847,Renegade Enforcer,QT,Chaos Knights,Characters,False,,,,,,,,
genuinely_missing,000003858,Renegade Ogryn Beast Handler,QT,Chaos Knights,Other,False,,,,,,,,
genuinely_missing,000003859,Renegade Ogryn Brutes,QT,Chaos Knights,Other,False,,,,,,,,
genuinely_missing,000003860,Renegade Plague Ogryns,QT,Chaos Knights,Other,False,,,,,,,,
genuinely_missing,000003848,Rogue Psyker,QT,Chaos Knights,Characters,False,,,,,,,,
genuinely_missing,000003846,Traitor Enforcer,QT,Chaos Knights,Characters,False,,,,,,,,
genuinely_missing,000003853,Traitor Guardsmen Squad,QT,Chaos Knights,Other,False,,,,,,,,
genuinely_missing,000002100,Adrax Agatone,SM,Space Marines,Characters,False,,,,,,,,
genuinely_missing,000001182,Ancient on Bike,SM,Space Marines,Characters,False,,,,,,,,
genuinely_missing,000000063,Apothecary on Bike,SM,Space Marines,Characters,False,,,,,,,,
genuinely_missing,000000225,Asmodai,SM,Space Marines,Characters,False,,,,,,,,
genuinely_missing,000000064,Assault Squad with Jump Packs,SM,Space Marines,Other,False,,,,,,,,
genuinely_missing,000000134,Astartes Servitors,SM,Space Marines,Other,False,,,,,,,,
genuinely_missing,000002700,Astraeus,SM,Space Marines,Other,False,,,,,,,,
genuinely_missing,000002076,Attack Bike Squad,SM,Space Marines,Other,False,,,,,,,,
genuinely_missing,000000218,Azrael,SM,Space Marines,Characters,False,,,,,,,,
genuinely_missing,000000219,Belial,SM,Space Marines,Characters,False,,,,,,,,
genuinely_missing,000000116,Bike Squad,SM,Space Marines,Other,False,,,,,,,,
genuinely_missing,000000160,Brother Corbulo,SM,Space Marines,Characters,False,,,,,,,,
genuinely_missing,000000136,Brutalis Dreadnought,SM,Space Marines,Other,False,,,,,,,,
genuinely_missing,000000072,Caestus Assault Ram,SM,Space Marines,Other,False,,,,,,,,
genuinely_missing,000000288,Canis Wolfborn,SM,Space Marines,Characters,False,,,,,,,,
genuinely_missing,000004187,Captain Titus,SM,Space Marines,Characters,False,,,,,,,,
genuinely_missing,000000152,Captain Tycho,SM,Space Marines,Characters,False,,,,,,,,
genuinely_missing,000000096,Carab Culln The Risen,SM,Space Marines,Characters,False,,,,,,,,
genuinely_missing,000002793,Castellan,SM,Space Marines,Characters,False,,,,,,,,
genuinely_missing,000004184,Cato Sicarius,SM,Space Marines,Characters,False,,,,,,,,
genuinely_missing,000001153,Cerberus,SM,Space Marines,Other,False,,,,,,,,
genuinely_missing,000002678,Chaplain Cassius,SM,Space Marines,Characters,False,,,,,,,,
genuinely_missing,000002792,Chaplain Grimaldus,SM,Space Marines,Characters,False,,,,,,,,
genuinely_missing,000004180,Chaplain Kastiel,SM,Space Marines,Characters,False,,,,,,,,
genuinely_missing,000000155,Chief Librarian Mephiston,SM,Space Marines,Characters,False,,,,,,,,
genuinely_missing,000001611,Chief Librarian Tigurius,SM,Space Marines,Characters,False,,,,,,,,
genuinely_missing,000000151,Commander Dante,SM,Space Marines,Characters,False,,,,,,,,
genuinely_missing,000001167,Company Champion On Bike,SM,Space Marines,Characters,False,,,,,,,,
genuinely_missing,000001166,Company Veterans On Bikes,SM,Space Marines,Other,False,,,,,,,,
genuinely_missing,000004136,Crusade Ancient,SM,Space Marines,Characters,False,,,,,,,,
genuinely_missing,000002805,Cyberwolf,SM,Space Marines,Characters,False,,,,,,,,
genuinely_missing,000003832,Death Company Captain,SM,Space Marines,Characters,False,,,,,,,,
genuinely_missing,000003833,Death Company Captain with Jump Pack,SM,Space Marines,Characters,False,,,,,,,,
genuinely_missing,000002737,Death Company Marines With Jump Packs,SM,Space Marines,Other,False,,,,,,,,
genuinely_missing,000003837,Death Company Marines with Boltguns and Jump Packs,SM,Space Marines,Other,False,,,,,,,,
genuinely_missing,000002267,Deathstorm Drop Pod,SM,Space Marines,Other,False,,,,,,,,
genuinely_missing,000002783,Deathwatch Veterans,SM,Space Marines,Battleline,False,,,,,,,,
genuinely_missing,000002468,Deathwing Strikemaster,SM,Space Marines,Characters,False,,,,,,,,
genuinely_missing,000004175,Decimus Kill Team,SM,Space Marines,Battleline,False,,,,,,,,
genuinely_missing,000002268,Deimos Predator,SM,Space Marines,Other,False,,,,,,,,
genuinely_missing,000002269,Deredeo Dreadnought,SM,Space Marines,Other,False,,,,,,,,
genuinely_missing,000000117,Dreadnought,SM,Space Marines,Other,False,,,,,,,,
genuinely_missing,000000122,Dreadnought Drop Pod,SM,Space Marines,Other,False,,,,,,,,
genuinely_missing,000004135,Execrator,SM,Space Marines,Characters,False,,,,,,,,
genuinely_missing,000000226,Ezekiel,SM,Space Marines,Characters,False,,,,,,,,
genuinely_missing,000002704,Fellblade,SM,Space Marines,Other,False,,,,,,,,
genuinely_missing,000004204,Ferren Areios,SM,Space Marines,Characters,False,,,,,,,,
genuinely_missing,000001609,Fire Raptor Gunship,SM,Space Marines,Other,False,,,,,,,,
genuinely_missing,000002780,Fortis Kill Team,SM,Space Marines,Other,False,,,,,,,,
genuinely_missing,000000169,Gabriel Seth,SM,Space Marines,Characters,False,,,,,,,,
genuinely_missing,000000287,Harald Deathwolf,SM,Space Marines,Characters,False,,,,,,,,
genuinely_missing,000000148,Imperial Space Marine,SM,Space Marines,Characters,False,,,,,,,,
genuinely_missing,000002781,Indomitor Kill Team,SM,Space Marines,Other,False,,,,,,,,
genuinely_missing,000000127,Iron Father Feirros,SM,Space Marines,Characters,False,,,,,,,,
genuinely_missing,000000308,Iron Priest On Thunderwolf,SM,Space Marines,Characters,False,,,,,,,,
genuinely_missing,000000107,Javelin Attack Speeder,SM,Space Marines,Other,False,,,,,,,,
genuinely_missing,000004179,Judiciar Xacharus,SM,Space Marines,Characters,False,,,,,,,,
genuinely_missing,000002708,Kayvaan Shrike,SM,Space Marines,Characters,False,,,,,,,,
genuinely_missing,000002709,Kor’sarro Khan,SM,Space Marines,Characters,False,,,,,,,,
genuinely_missing,000001175,Kratos,SM,Space Marines,Other,False,,,,,,,,
genuinely_missing,000000286,Krom Dragongaze,SM,Space Marines,Characters,False,,,,,,,,
genuinely_missing,000001607,Land Raider Achilles,SM,Space Marines,Other,False,,,,,,,,
genuinely_missing,000000067,Land Raider Excelsior,SM,Space Marines,Other,False,,,,,,,,
genuinely_missing,000002710,Land Raider Helios,SM,Space Marines,Other,False,,,,,,,,
genuinely_missing,000001347,Land Raider Prometheus,SM,Space Marines,Other,False,,,,,,,,
genuinely_missing,000001608,Land Raider Proteus,SM,Space Marines,Other,False,,,,,,,,
genuinely_missing,000001168,Land Speeder Tempest,SM,Space Marines,Other,False,,,,,,,,
genuinely_missing,000001169,Land Speeder Tornado,SM,Space Marines,Other,False,,,,,,,,
genuinely_missing,000002102,Land Speeder Typhoon,SM,Space Marines,Other,False,,,,,,,,
genuinely_missing,000002296,Lazarus,SM,Space Marines,Characters,False,,,,,,,,
genuinely_missing,000000131,Leviathan Dreadnought,SM,Space Marines,Other,False,,,,,,,,
genuinely_missing,000001348,Librarian on Bike,SM,Space Marines,Characters,False,,,,,,,,
genuinely_missing,000001344,Librarian with Jump Pack,SM,Space Marines,Characters,False,,,,,,,,
genuinely_missing,000001345,Lieutenant In Reiver Armour,SM,Space Marines,Characters,False,,,,,,,,
genuinely_missing,000000076,Lieutenant With Combi-weapon,SM,Space Marines,Characters,False,,,,,,,,
genuinely_missing,000000326,Long Fangs,SM,Space Marines,Other,False,,,,,,,,
genuinely_missing,000000304,Lukas The Trickster,SM,Space Marines,Characters,False,,,,,,,,
genuinely_missing,000004183,Marneus Calgar in Armour of Antilochus,SM,Space Marines,Characters,False,,,,,,,,
genuinely_missing,000002796,Marshal,SM,Space Marines,Characters,False,,,,,,,,
genuinely_missing,000001189,Mastodon,SM,Space Marines,Other,False,,,,,,,,
genuinely_missing,000000111,Mortis Dreadnought,SM,Space Marines,Other,False,,,,,,,,
genuinely_missing,000002713,Pedro Kantor,SM,Space Marines,Characters,False,,,,,,,,
genuinely_missing,000002714,Predator Annihilator,SM,Space Marines,Other,False,,,,,,,,
genuinely_missing,000002715,Predator Destructor,SM,Space Marines,Other,False,,,,,,,,
genuinely_missing,000002234,Primaris Company Champion,SM,Space Marines,Characters,False,,,,,,,,
genuinely_missing,000000110,Rapier Carrier,SM,Space Marines,Other,False,,,,,,,,
genuinely_missing,000001423,Ravenwing Talonmaster,SM,Space Marines,Characters,False,,,,,,,,
genuinely_missing,000000129,Razorback,SM,Space Marines,Dedicated Transports,False,,,,,,,,
genuinely_missing,000002720,Relic Razorback,SM,Space Marines,Dedicated Transports,False,,,,,,,,
genuinely_missing,000000104,Relic Terminator Squad,SM,Space Marines,Other,False,,,,,,,,
genuinely_missing,000000138,Roboute Guilliman,SM,Space Marines,Characters,False,,,,,,,,
genuinely_missing,000002291,Sammael,SM,Space Marines,Characters,False,,,,,,,,
genuinely_missing,000000159,Sanguinary Priest on Bike,SM,Space Marines,Characters,False,,,,,,,,
genuinely_missing,000001524,Sergeant Chronus,SM,Space Marines,Characters,False,,,,,,,,
genuinely_missing,000001162,Sergeant Telion,SM,Space Marines,Characters,False,,,,,,,,
genuinely_missing,000001161,Sicaran Arcus,SM,Space Marines,Other,False,,,,,,,,
genuinely_missing,000001185,Sicaran Battle Tank,SM,Space Marines,Other,False,,,,,,,,
genuinely_missing,000001163,Sicaran Omega,SM,Space Marines,Other,False,,,,,,,,
genuinely_missing,000000123,Sicaran Punisher,SM,Space Marines,Other,False,,,,,,,,
genuinely_missing,000000092,Sicaran Venator,SM,Space Marines,Other,False,,,,,,,,
genuinely_missing,000000324,Skyclaws,SM,Space Marines,Other,False,,,,,,,,
genuinely_missing,000001179,Sokar-pattern Stormbird,SM,Space Marines,Other,False,,,,,,,,
genuinely_missing,000002779,Spectrus Kill Team,SM,Space Marines,Other,False,,,,,,,,
genuinely_missing,000000113,Storm Eagle Gunship,SM,Space Marines,Other,False,,,,,,,,
genuinely_missing,000000068,Suppressor Squad,SM,Space Marines,Other,False,,,,,,,,
genuinely_missing,000002798,Sword Brethren Squad,SM,Space Marines,Other,False,,,,,,,,
genuinely_missing,000003874,Talonstrike Kill Team,SM,Space Marines,Other,False,,,,,,,,
genuinely_missing,000000099,Tarantula Air Defence Battery,SM,Space Marines,Other,False,,,,,,,,
genuinely_missing,000000098,Tarantula Sentry Battery,SM,Space Marines,Other,False,,,,,,,,
genuinely_missing,000001527,Techmarine on Bike,SM,Space Marines,Characters,False,,,,,,,,
genuinely_missing,000001184,Terminus Ultra,SM,Space Marines,Other,False,,,,,,,,
genuinely_missing,000001991,Terrax-pattern Termite,SM,Space Marines,Dedicated Transports,False,,,,,,,,
genuinely_missing,000001164,Thunderfire Cannon,SM,Space Marines,Other,False,,,,,,,,
genuinely_missing,000000139,Thunderhawk Gunship,SM,Space Marines,Other,False,,,,,,,,
genuinely_missing,000002724,Thunderhawk Transporter,SM,Space Marines,Other,False,,,,,,,,
genuinely_missing,000002473,Tor Garadon,SM,Space Marines,Characters,False,,,,,,,,
genuinely_missing,000000153,Tycho The Lost,SM,Space Marines,Characters,False,,,,,,,,
genuinely_missing,000000093,Typhon,SM,Space Marines,Other,False,,,,,,,,
genuinely_missing,000002725,Tyrannic War Veterans,SM,Space Marines,Other,False,,,,,,,,
genuinely_missing,000000147,Vanguard Veteran Squad With Jump Packs,SM,Space Marines,Other,False,,,,,,,,
genuinely_missing,000004185,Victrix Honour Guard,SM,Space Marines,Other,False,,,,,,,,
genuinely_missing,000001178,Vindicator Laser Destroyer,SM,Space Marines,Other,False,,,,,,,,
genuinely_missing,000004188,Wardens of Ultramar,SM,Space Marines,Other,False,,,,,,,,
genuinely_missing,000002727,Whirlwind,SM,Space Marines,Other,False,,,,,,,,
genuinely_missing,000002728,Whirlwind Scorpius,SM,Space Marines,Other,False,,,,,,,,
genuinely_missing,000000300,Wolf Guard Battle Leader In Terminator Armour,SM,Space Marines,Characters,False,,,,,,,,
genuinely_missing,000000301,Wolf Guard Battle Leader On Thunderwolf,SM,Space Marines,Characters,False,,,,,,,,
genuinely_missing,000002804,Wolf Guard Pack Leader,SM,Space Marines,Characters,False,,,,,,,,
genuinely_missing,000002803,Wolf Guard Pack Leader In Terminator Armour,SM,Space Marines,Characters,False,,,,,,,,
genuinely_missing,000002802,Wolf Guard Pack Leader With Jump Pack,SM,Space Marines,Characters,False,,,,,,,,
genuinely_missing,000000284,Wolf Lord on Thunderwolf,SM,Space Marines,Characters,False,,,,,,,,
genuinely_missing,000000310,Wolf Scouts (Legendary),SM,Space Marines,Other,False,,,,,,,,
genuinely_missing,000004133,Wulfen Dreadnought,SM,Space Marines,Other,False,,,,,,,,
genuinely_missing,000002729,Xiphon Interceptor,SM,Space Marines,Other,False,,,,,,,,
genuinely_missing,000000455,AX-1-0 Tiger Shark,TAU,T'au Empire,Other,False,,,,,,,,
genuinely_missing,000000408,Aun’shi,TAU,T'au Empire,Characters,False,,,,,,,,
genuinely_missing,000000409,Aun’va,TAU,T'au Empire,Characters,False,,,,,,,,
genuinely_missing,000000453,Barracuda,TAU,T'au Empire,Other,False,,,,,,,,
genuinely_missing,000000406,Commander Farsight,TAU,T'au Empire,Characters,False,,,,,,,,
genuinely_missing,000000402,Commander In Coldstar Battlesuit,TAU,T'au Empire,Characters,False,,,,,,,,
genuinely_missing,000001477,Commander In Crisis Battlesuit,TAU,T'au Empire,Characters,False,,,,,,,,
genuinely_missing,000001478,Commander In Enforcer Battlesuit,TAU,T'au Empire,Characters,False,,,,,,,,
genuinely_missing,000003700,Crisis Fireknife Battlesuits,TAU,T'au Empire,Other,False,,,,,,,,
genuinely_missing,000003701,Crisis Starscythe Battlesuits,TAU,T'au Empire,Other,False,,,,,,,,
genuinely_missing,000003699,Crisis Sunforge Battlesuits,TAU,T'au Empire,Other,False,,,,,,,,
genuinely_missing,000000424,Devilfish,TAU,T'au Empire,Dedicated Transports,False,,,,,,,,
genuinely_missing,000000459,Drone Sentry Turret,TAU,T'au Empire,Fortifications,False,,,,,,,,
genuinely_missing,000000428,Firesight Team,TAU,T'au Empire,Characters,False,,,,,,,,
genuinely_missing,000001392,Great Knarloc,TAU,T'au Empire,Other,False,,,,,,,,
genuinely_missing,000000432,Hammerhead Gunship,TAU,T'au Empire,Other,False,,,,,,,,
genuinely_missing,000000449,Heavy Gun Drones,TAU,T'au Empire,Other,False,,,,,,,,
genuinely_missing,000001391,Knarloc Riders,TAU,T'au Empire,Other,False,,,,,,,,
genuinely_missing,000002588,Kroot Farstalkers,TAU,T'au Empire,Other,False,,,,,,,,
genuinely_missing,000000415,Kroot Hounds,TAU,T'au Empire,Other,False,,,,,,,,
genuinely_missing,000003705,Kroot Lone-Spear,TAU,T'au Empire,Characters,False,,,,,,,,
genuinely_missing,000003702,Kroot Trail Shaper,TAU,T'au Empire,Characters,False,,,,,,,,
genuinely_missing,000000431,Longstrike,TAU,T'au Empire,Characters,False,,,,,,,,
genuinely_missing,000000457,Manta,TAU,T'au Empire,Other,False,,,,,,,,
genuinely_missing,000000456,Orca Dropship,TAU,T'au Empire,Other,False,,,,,,,,
genuinely_missing,000000423,Piranhas,TAU,T'au Empire,Other,False,,,,,,,,
genuinely_missing,000000452,Remora Stealth Drones,TAU,T'au Empire,Other,False,,,,,,,,
genuinely_missing,000000458,Remote Sensor Tower,TAU,T'au Empire,Fortifications,False,,,,,,,,
genuinely_missing,000000445,R’varna Battlesuit,TAU,T'au Empire,Other,False,,,,,,,,
genuinely_missing,000000439,Shas’o R’alai,TAU,T'au Empire,Characters,False,,,,,,,,
genuinely_missing,000000434,Stormsurge,TAU,T'au Empire,Other,False,,,,,,,,
genuinely_missing,000000411,Strike Team,TAU,T'au Empire,Battleline,False,,,,,,,,
genuinely_missing,000000446,Ta’unar Supremacy Armour,TAU,T'au Empire,Other,False,,,,,,,,
genuinely_missing,000000447,Tetras,TAU,T'au Empire,Other,False,,,,,,,,
genuinely_missing,000000435,Tidewall Droneport,TAU,T'au Empire,Fortifications,False,,,,,,,,
genuinely_missing,000000437,Tidewall Gunrig,TAU,T'au Empire,Fortifications,False,,,,,,,,
genuinely_missing,000000436,Tidewall Shieldline,TAU,T'au Empire,Fortifications,False,,,,,,,,
genuinely_missing,000000454,Tiger Shark,TAU,T'au Empire,Other,False,,,,,,,,
genuinely_missing,000000427,Vespid Stingwings,TAU,T'au Empire,Other,False,,,,,,,,
genuinely_missing,000000443,Xv9 Hazard Battlesuits,TAU,T'au Empire,Other,False,,,,,,,,
genuinely_missing,000000444,Y’vahra Battlesuit,TAU,T'au Empire,Other,False,,,,,,,,
genuinely_missing,000000868,Reaver Titan,TL,Tau Legends,Other,False,,,,,,,,
genuinely_missing,000002077,Warbringer Nemesis Titan,TL,Tau Legends,Other,False,,,,,,,,
genuinely_missing,000000867,Warhound Titan,TL,Tau Legends,Other,False,,,,,,,,
genuinely_missing,000000869,Warlord Titan,TL,Tau Legends,Other,False,,,,,,,,
genuinely_missing,000004128,Blue Horrors,TS,Thousand Sons,Battleline,False,,,,,,,,
genuinely_missing,000003627,Cerberus,TS,Thousand Sons,Other,False,,,,,,,,
genuinely_missing,000003597,Chaos Lord On Disc Of Tzeentch,TS,Thousand Sons,Characters,False,,,,,,,,
genuinely_missing,000002501,Chaos Predator Annihilator,TS,Thousand Sons,Other,False,,,,,,,,
genuinely_missing,000001026,Chaos Predator Destructor,TS,Thousand Sons,Other,False,,,,,,,,
genuinely_missing,000003591,Chaos Thunderhawk,TS,Thousand Sons,Other,False,,,,,,,,
genuinely_missing,000001027,Chaos Vindicator,TS,Thousand Sons,Other,False,,,,,,,,
genuinely_missing,000003651,Fellblade,TS,Thousand Sons,Other,False,,,,,,,,
genuinely_missing,000003615,Fire Raptor Gunship,TS,Thousand Sons,Other,False,,,,,,,,
genuinely_missing,000003598,Hell Blade,TS,Thousand Sons,Other,False,,,,,,,,
genuinely_missing,000003599,Hell Talon,TS,Thousand Sons,Other,False,,,,,,,,
genuinely_missing,000003631,Kratos,TS,Thousand Sons,Other,False,,,,,,,,
genuinely_missing,000003607,Land Raider Achilles,TS,Thousand Sons,Other,False,,,,,,,,
genuinely_missing,000003611,Land Raider Proteus,TS,Thousand Sons,Other,False,,,,,,,,
genuinely_missing,000003647,Leviathan Dreadnought,TS,Thousand Sons,Other,False,,,,,,,,
genuinely_missing,000003643,Mastodon,TS,Thousand Sons,Other,False,,,,,,,,
genuinely_missing,000004127,Pink Horrors,TS,Thousand Sons,Battleline,False,,,,,,,,
genuinely_missing,000003667,Rapier Carrier,TS,Thousand Sons,Other,False,,,,,,,,
genuinely_missing,000003639,Sicaran Battle Tank,TS,Thousand Sons,Other,False,,,,,,,,
genuinely_missing,000003683,Sicaran Punisher,TS,Thousand Sons,Other,False,,,,,,,,
genuinely_missing,000003675,Sicaran Venator,TS,Thousand Sons,Other,False,,,,,,,,
genuinely_missing,000003635,Sokar-pattern Stormbird,TS,Thousand Sons,Other,False,,,,,,,,
genuinely_missing,000003603,Terrax-pattern Termite,TS,Thousand Sons,Dedicated Transports,False,,,,,,,,
genuinely_missing,000003679,Typhon,TS,Thousand Sons,Other,False,,,,,,,,
genuinely_missing,000004122,Tzaangor Enlightened with Fatecaster Greatbows,TS,Thousand Sons,Other,False,,,,,,,,
genuinely_missing,000003659,Whirlwind Scorpius,TS,Thousand Sons,Other,False,,,,,,,,
genuinely_missing,000003663,Xiphon Interceptor,TS,Thousand Sons,Other,False,,,,,,,,
genuinely_missing,000000503,Barbed Hierodule,TYR,Tyranids,Other,False,,,,,,,,
genuinely_missing,000000491,Biovores,TYR,Tyranids,Other,False,,,,,,,,
genuinely_missing,000000490,Carnifexes,TYR,Tyranids,Other,False,,,,,,,,
genuinely_missing,000000500,Dimachaeron,TYR,Tyranids,Other,False,,,,,,,,
genuinely_missing,000000484,Gargoyles,TYR,Tyranids,Battleline,False,,,,,,,,
genuinely_missing,000000467,Genestealers,TYR,Tyranids,Other,False,,,,,,,,
genuinely_missing,000000504,Harridan,TYR,Tyranids,Other,False,,,,,,,,
genuinely_missing,000000505,Hierophant,TYR,Tyranids,Other,False,,,,,,,,
genuinely_missing,000000469,Hormagaunts,TYR,Tyranids,Battleline,False,,,,,,,,
genuinely_missing,000000499,Malanthrope,TYR,Tyranids,Characters,False,,,,,,,,
genuinely_missing,000000477,Pyrovores,TYR,Tyranids,Other,False,,,,,,,,
genuinely_missing,000000470,Ripper Swarms,TYR,Tyranids,Other,False,,,,,,,,
genuinely_missing,000000506,Scythed Hierodule,TYR,Tyranids,Other,False,,,,,,,,
genuinely_missing,000000483,Sky-slasher Swarms,TYR,Tyranids,Other,False,,,,,,,,
genuinely_missing,000000488,Spore Mines,TYR,Tyranids,Other,False,,,,,,,,
genuinely_missing,000000498,Sporocyst,TYR,Tyranids,Other,False,,,,,,,,
genuinely_missing,000002528,Winged Hive Tyrant,TYR,Tyranids,Characters,False,,,,,,,,
genuinely_missing,000002811,Aegis Defence Line With Weapon Emplacement,UN,Unaligned,Fortifications,False,,,,,,,,
genuinely_missing,000001630,Ambull,UN,Unaligned,Characters,False,,,,,,,,
genuinely_missing,000000914,Bastion,UN,Unaligned,Fortifications,False,,,,,,,,
genuinely_missing,000002807,Castellum Stronghold,UN,Unaligned,Fortifications,False,,,,,,,,
genuinely_missing,000000918,Firestorm Redoubt,UN,Unaligned,Fortifications,False,,,,,,,,
genuinely_missing,000000243,Fortress Of Redemption,UN,Unaligned,Fortifications,False,,,,,,,,
genuinely_missing,000002363,Guardian Drone,UN,Unaligned,Other,False,,,,,,,,
genuinely_missing,000000785,Imperial Fortress Walls,UN,Unaligned,Fortifications,False,,,,,,,,
genuinely_missing,000000920,Macro-cannon Aquila Strongpoint,UN,Unaligned,Fortifications,False,,,,,,,,
genuinely_missing,000000919,Plasma Obliterator,UN,Unaligned,Fortifications,False,,,,,,,,
genuinely_missing,000000786,Primaris Redoubt,UN,Unaligned,Fortifications,False,,,,,,,,
genuinely_missing,000000923,Skyshield Landing Pad,UN,Unaligned,Fortifications,False,,,,,,,,
genuinely_missing,000001603,Spindle Drones,UN,Unaligned,Other,False,,,,,,,,
genuinely_missing,000002093,The Archivist,UN,Unaligned,Characters,False,,,,,,,,
genuinely_missing,000000917,Vengeance Weapon Battery,UN,Unaligned,Fortifications,False,,,,,,,,
genuinely_missing,000000922,Void Shield Generator,UN,Unaligned,Fortifications,False,,,,,,,,
genuinely_missing,000000921,Vortex Missile Strongpoint,UN,Unaligned,Fortifications,False,,,,,,,,
genuinely_missing,000002808,Wall Of Martyrs Bunker,UN,Unaligned,Fortifications,False,,,,,,,,
genuinely_missing,000002810,Wall Of Martyrs Defence Emplacement,UN,Unaligned,Fortifications,False,,,,,,,,
genuinely_missing,000002809,Wall Of Martyrs Defence Line,UN,Unaligned,Fortifications,False,,,,,,,,
genuinely_missing,000002621,Angron,WE,World Eaters,Characters,False,,,,,,,,
genuinely_missing,000003587,Blood Slaughterer,WE,World Eaters,Other,False,,,,,,,,
genuinely_missing,000004107,Bloodcrushers,WE,World Eaters,Other,False,,,,,,,,
genuinely_missing,000003629,Cerberus,WE,World Eaters,Other,False,,,,,,,,
genuinely_missing,000002637,Chaos Predator Annihilator,WE,World Eaters,Other,False,,,,,,,,
genuinely_missing,000002636,Chaos Predator Destructor,WE,World Eaters,Other,False,,,,,,,,
genuinely_missing,000003588,Chaos Thunderhawk,WE,World Eaters,Other,False,,,,,,,,
genuinely_missing,000002630,Eightbound,WE,World Eaters,Other,False,,,,,,,,
genuinely_missing,000002631,Exalted Eightbound,WE,World Eaters,Other,False,,,,,,,,
genuinely_missing,000003653,Fellblade,WE,World Eaters,Other,False,,,,,,,,
genuinely_missing,000003617,Fire Raptor Gunship,WE,World Eaters,Other,False,,,,,,,,
genuinely_missing,000004076,Goremongers,WE,World Eaters,Other,False,,,,,,,,
genuinely_missing,000003589,Greater Brass Scorpion,WE,World Eaters,Other,False,,,,,,,,
genuinely_missing,000003601,Hell Blade,WE,World Eaters,Other,False,,,,,,,,
genuinely_missing,000003602,Hell Talon,WE,World Eaters,Other,False,,,,,,,,
genuinely_missing,000002628,Jakhals,WE,World Eaters,Other,False,,,,,,,,
genuinely_missing,000002627,Khorne Berzerkers,WE,World Eaters,Battleline,False,,,,,,,,
genuinely_missing,000003633,Kratos,WE,World Eaters,Other,False,,,,,,,,
genuinely_missing,000003590,Kytan Ravager,WE,World Eaters,Other,False,,,,,,,,
genuinely_missing,000003609,Land Raider Achilles,WE,World Eaters,Other,False,,,,,,,,
genuinely_missing,000003613,Land Raider Proteus,WE,World Eaters,Other,False,,,,,,,,
genuinely_missing,000003649,Leviathan Dreadnought,WE,World Eaters,Other,False,,,,,,,,
genuinely_missing,000002623,Lord Invocatus,WE,World Eaters,Characters,False,,,,,,,,
genuinely_missing,000002625,Lord on Juggernaut,WE,World Eaters,Characters,False,,,,,,,,
genuinely_missing,000003645,Mastodon,WE,World Eaters,Other,False,,,,,,,,
genuinely_missing,000003669,Rapier Carrier,WE,World Eaters,Other,False,,,,,,,,
genuinely_missing,000003641,Sicaran Battle Tank,WE,World Eaters,Other,False,,,,,,,,
genuinely_missing,000003685,Sicaran Punisher,WE,World Eaters,Other,False,,,,,,,,
genuinely_missing,000003677,Sicaran Venator,WE,World Eaters,Other,False,,,,,,,,
genuinely_missing,000004103,Slaughterbound,WE,World Eaters,Characters,False,,,,,,,,
genuinely_missing,000003637,Sokar-pattern Stormbird,WE,World Eaters,Other,False,,,,,,,,
genuinely_missing,000003605,Terrax-pattern Termite,WE,World Eaters,Dedicated Transports,False,,,,,,,,
genuinely_missing,000003681,Typhon,WE,World Eaters,Other,False,,,,,,,,
genuinely_missing,000003661,Whirlwind Scorpius,WE,World Eaters,Other,False,,,,,,,,
genuinely_missing,000003665,Xiphon Interceptor,WE,World Eaters,Other,False,,,,,,,,
needs_review,000001448,Shield-captain In Allarus Terminator Armour,AC,Adeptus Custodes,Characters,False,space-marines-2023-06-captain-in-terminator-armour,Captain in Terminator Armour,SM,0.8,space-marines-2024-09-captain-in-terminator-armour,Captain in Terminator Armour,SM,0.8
needs_review,000003889,Krieg Command Squad,AM,Astra Militarum,Characters,False,space-marines-2016-04-command-squad,Command Squad,SM,0.8,,,,
needs_review,000004174,Aquila Kill Team,AoI,Agents of the Imperium,Battleline,False,deathwatch-2016-09-kill-team,Kill Team,SM,0.8,,,,
needs_review,000003816,Deathwatch Kill Team,AoI,Agents of the Imperium,Battleline,False,deathwatch-2025-07-deathwatch-kill-team-operatives,Deathwatch Kill-Team Operatives,SM,0.857,deathwatch-2016-09-kill-team,Kill Team,SM,0.8
needs_review,000003825,Fortis Kill Team,AoI,Agents of the Imperium,Other,False,deathwatch-2016-09-kill-team,Kill Team,SM,0.8,,,,
needs_review,000003826,Indomitor Kill Team,AoI,Agents of the Imperium,Other,False,deathwatch-2016-09-kill-team,Kill Team,SM,0.8,,,,
needs_review,000002760,Inquisitor In Terminator Armour,AoI,Agents of the Imperium,Characters,False,chaos-space-marines-2007-09-sorcerer-lord-in-terminator-armour,Sorcerer Lord in Terminator Armour,CSM,0.75,grey-knights-2015-06-librarian-in-terminator-armour,Librarian in Terminator Armour,GK,0.75
needs_review,000003824,Proteus Kill Team,AoI,Agents of the Imperium,Other,False,deathwatch-2016-09-kill-team,Kill Team,SM,0.8,,,,
needs_review,000003827,Spectrus Kill Team,AoI,Agents of the Imperium,Other,False,deathwatch-2016-09-kill-team,Kill Team,SM,0.8,,,,
needs_review,000004037,Chaos Lord In Terminator Armour,CD,Chaos Daemons,Characters,False,space-marines-2023-10-chaplain-in-terminator-armour,Chaplain in Terminator Armour,SM,0.833,,,,
needs_review,000001339,Giant Chaos Spawn,CD,Chaos Daemons,Other,False,chaos-space-marines-2007-09-chaos-spawn,Chaos Spawn,CSM,0.8,death-guard-2007-09-chaos-spawn,Chaos Spawn,DG,0.8
needs_review,000004058,Renegade Heavy Weapons Squad,CD,Chaos Daemons,Other,False,astra-militarum-2023-01-heavy-weapon-squad,Heavy Weapon Squad,AM,0.857,,,,
needs_review,000000930,Chaos Lord In Terminator Armour,CSM,Chaos Space Marines,Characters,False,space-marines-2023-10-chaplain-in-terminator-armour,Chaplain in Terminator Armour,SM,0.833,,,,
needs_review,000003626,Deredeo Dreadnought,CSM,Chaos Space Marines,Other,False,space-marines-2017-08-redemptor-dreadnought,Redemptor Dreadnought,SM,0.85,,,,
needs_review,000001310,Dreadclaw Drop Pod,CSM,Chaos Space Marines,Other,False,space-marines-2008-10-drop-pod,Drop Pod,SM,0.8,space-marines-2025-01-drop-pod,Drop Pod,SM,0.8
needs_review,000002732,Renegade Heavy Weapons Squad,CSM,Chaos Space Marines,Other,False,astra-militarum-2023-01-heavy-weapon-squad,Heavy Weapon Squad,AM,0.857,,,,
needs_review,000003674,Storm Eagle Gunship,CSM,Chaos Space Marines,Other,False,space-wolves-2014-07-stormfang-gunship,Stormfang Gunship,SM,0.833,,,,
needs_review,000001041,Death Guard Sorcerer In Terminator Armour,DG,Death Guard,Characters,False,chaos-space-marines-2007-09-sorcerer-lord-in-terminator-armour,Sorcerer Lord in Terminator Armour,CSM,0.8,,,,
needs_review,000003624,Deredeo Dreadnought,DG,Death Guard,Other,False,space-marines-2017-08-redemptor-dreadnought,Redemptor Dreadnought,SM,0.85,,,,
needs_review,000003672,Storm Eagle Gunship,DG,Death Guard,Other,False,space-wolves-2014-07-stormfang-gunship,Stormfang Gunship,SM,0.833,,,,
needs_review,000003968,Catachan Heavy Weapons Squad,GC,Genestealer Cults,Other,False,astra-militarum-2023-01-heavy-weapon-squad,Heavy Weapon Squad,AM,0.857,,,,
needs_review,000003950,Death Korps Of Krieg,GC,Genestealer Cults,Battleline,False,astra-militarum-2025-01-death-korps-of-krieg-combat-engineers,Death Korps of Krieg Combat Engineers,AM,0.75,astra-militarum-2025-01-death-korps-of-krieg-command-squad,Death Korps of Krieg Command Squad,AM,0.75
needs_review,000003945,Death Rider Commissar,GC,Genestealer Cults,Characters,False,astra-militarum-2025-01-death-riders,Death Riders,AM,0.8,,,,
needs_review,000004009,Heavy Mortar Team,GC,Genestealer Cults,Other,False,astra-militarum-2025-01-artillery-team-with-heavy-mortar,Artillery Team with Heavy Mortar,AM,0.857,,,,
needs_review,000003941,Krieg Command Squad,GC,Genestealer Cults,Characters,False,space-marines-2016-04-command-squad,Command Squad,SM,0.8,astra-militarum-2025-01-death-korps-of-krieg-command-squad,Death Korps of Krieg Command Squad,AM,0.75
needs_review,000003978,Krieg Heavy Weapons Squad,GC,Genestealer Cults,Other,False,astra-militarum-2023-01-heavy-weapon-squad,Heavy Weapon Squad,AM,0.857,astra-militarum-2025-01-death-korps-of-krieg-heavy-weapons-squad,Death Korps of Krieg Heavy Weapons Squad,AM,0.8
needs_review,000003879,Winged Hive Tyrant,GC,Genestealer Cults,Characters,False,tyranids-2012-03-hive-tyrant,Hive Tyrant,TYR,0.8,,,,
needs_review,000000391,Land Raider,GK,Grey Knights,Other,False,space-marines-2008-10-land-raider-crusader,Land Raider Crusader,SM,0.8,space-marines-2008-10-land-raider-redeemer,Land Raider Redeemer,SM,0.8
needs_review,000003857,Renegade Heavy Weapons Squad,QT,Chaos Knights,Other,False,astra-militarum-2023-01-heavy-weapon-squad,Heavy Weapon Squad,AM,0.857,,,,
needs_review,000001192,Chaplain Venerable Dreadnought,SM,Space Marines,Other,False,grey-knights-2010-03-venerable-dreadnought,Venerable Dreadnought,GK,0.8,,,,
needs_review,000000065,Land Raider,SM,Space Marines,Other,False,grey-knights-2008-10-land-raider-crusader,Land Raider Crusader,GK,0.8,grey-knights-2008-10-land-raider-redeemer,Land Raider Redeemer,GK,0.8
needs_review,000003623,Deredeo Dreadnought,TS,Thousand Sons,Other,False,space-marines-2017-08-redemptor-dreadnought,Redemptor Dreadnought,SM,0.85,,,,
needs_review,000003671,Storm Eagle Gunship,TS,Thousand Sons,Other,False,space-wolves-2014-07-stormfang-gunship,Stormfang Gunship,SM,0.833,,,,
needs_review,000003625,Deredeo Dreadnought,WE,World Eaters,Other,False,space-marines-2017-08-redemptor-dreadnought,Redemptor Dreadnought,SM,0.85,,,,
needs_review,000003657,Relic Contemptor Dreadnought,WE,World Eaters,Other,False,adeptus-custodes-2015-11-contemptor-dreadnought,Contemptor Dreadnought,AC,0.8,space-marines-2015-11-contemptor-dreadnought,Contemptor Dreadnought,SM,0.8
needs_review,000003673,Storm Eagle Gunship,WE,World Eaters,Other,False,space-wolves-2014-07-stormfang-gunship,Stormfang Gunship,SM,0.833,,,,
