catalogue_model_id,issue_type,recommended_action,resolved_action,resolved_catalogue_type,resolved_datasheet_ids,resolved_notes,name,faction_label,expected_faction_id,release_date,material,note,flags,source_sheet,source_row,candidate_1_datasheet_id,candidate_1_datasheet_name,candidate_1_faction_id,candidate_1_confidence,candidate_1_matched_from,candidate_1_matched_name,candidate_2_datasheet_id,candidate_2_datasheet_name,candidate_2_faction_id,candidate_2_confidence,candidate_2_matched_from,candidate_2_matched_name,candidate_3_datasheet_id,candidate_3_datasheet_name,candidate_3_faction_id,candidate_3_confidence,candidate_3_matched_from,candidate_3_matched_name,candidate_4_datasheet_id,candidate_4_datasheet_name,candidate_4_faction_id,candidate_4_confidence,candidate_4_matched_from,candidate_4_matched_name
adepta-sororitas-2020-03-canoness,ambiguous_datasheet_candidate,choose_datasheet,,,,,Canoness,Adepta Sororitas,AS,2020-03,Plastic,,,Adepta Sororitas,40,000000899,Canoness,AS,1.0,datasheet,Canoness,000003714,Canoness with Jump Pack,AS,1.0,statline,Canoness,,,,,,,,,,,,
adeptus-mechanicus-2015-03-sydonian-dragoon,ambiguous_datasheet_candidate,choose_datasheet,,,,,Sydonian Dragoon,Adeptus Mechanicus,AdM,2015-03,Plastic,Shared Multi-kit,,Adeptus Mechanicus,26,000000853,Sydonian Dragoons With Taser Lances,AdM,1.0,composition,Sydonian Dragoons,000003694,Sydonian Dragoons With Radium Jezzails,AdM,1.0,composition,Sydonian Dragoons,,,,,,,,,,,,
astra-militarum-2009-05-ratlings,ambiguous_datasheet_candidate,choose_datasheet,,,,,Ratlings,Astra Militarum,AM,2009-05,Metal,,,Astra Militarum,37,000000724,Ratlings,AM,1.0,datasheet,Ratlings,000003937,Provisionally Prepared,AM,1.0,statline,Ratlings,,,,,,,,,,,,
astra-militarum-2014-03-tempestus-scions,ambiguous_datasheet_candidate,choose_datasheet,,,,,Tempestus Scions,Astra Militarum,AM,2014-03,Plastic,Shared Multi-kit,,Astra Militarum,54,000002746,Tempestus Scions,AM,1.0,datasheet,Tempestus Scions,000000719,Militarum Tempestus Command Squad,AM,1.0,composition,Tempestus Scions,,,,,,,,,,,,
blood-angels-2011-02-death-company-dreadnought,ambiguous_datasheet_candidate,choose_datasheet,,,,,Death Company Dreadnought,Blood Angels,SM,2011-02,,,,Blood Angels,25,000000166,Death Company Dreadnought,SM,1.0,datasheet,Death Company Dreadnought,000003835,Death Company Dreadnought with Magna-grapple,SM,1.0,composition,Death Company Dreadnought,,,,,,,,,,,,
blood-angels-2014-12-sanguinary-priest,ambiguous_datasheet_candidate,choose_datasheet,,,,,Sanguinary Priest,Blood Angels,SM,2014-12,Plastic,,,Blood Angels,33,000000158,Sanguinary Priest,SM,1.0,datasheet,Sanguinary Priest,000002738,Sanguinary Priest With Jump Pack,SM,1.0,composition,Sanguinary Priest,,,,,,,,,,,,
blood-angels-2024-01-sanguinary-priest,ambiguous_datasheet_candidate,choose_datasheet,,,,,Sanguinary Priest,Blood Angels,SM,2024-01,Plastic,,,Blood Angels,51,000000158,Sanguinary Priest,SM,1.0,datasheet,Sanguinary Priest,000002738,Sanguinary Priest With Jump Pack,SM,1.0,composition,Sanguinary Priest,,,,,,,,,,,,
blood-angels-2024-01-space-marine-captain,ambiguous_datasheet_candidate,choose_datasheet,,,,,Space Marine Captain,Blood Angels,SM,2024-01,Plastic,Blood Angels version,,Blood Angels,50,000000073,Captain,SM,1.0,datasheet,Captain,000003831,Blood Angels Captain,SM,1.0,statline,Captain,000004166,Caanok Var,SM,1.0,statline,Captain,,,,,,
chaos-space-marines-2012-09-chaos-cultists,ambiguous_datasheet_candidate,choose_datasheet,,,,,Chaos Cultists,Chaos Space Marines,CSM,2012-09,Plastic,,,Chaos Space Marines,38,000000946,Cultist Mob,CSM,1.0,composition,Chaos Cultists,000003713,Cultist Mob with Firearms,CSM,1.0,composition,Chaos Cultists,000003849,Cultist Mob,QT,1.0,composition,Chaos Cultists,000003850,Cultist Mob with Firearms,QT,1.0,composition,Chaos Cultists
craftworlds-2013-06-wraithknight,ambiguous_datasheet_candidate,choose_datasheet,,,,,Wraithknight,Craftworlds,AE,2013-06,Plastic,,,Craftworlds,50,000000614,Wraithknight,AE,1.0,datasheet,Wraithknight,000003913,Wraithknight with Ghostglaive,AE,1.0,statline,Wraithknight,,,,,,,,,,,,
craftworlds-2022-03-warlocks,ambiguous_datasheet_candidate,choose_datasheet,,,,,Warlocks,Craftworlds,AE,2022-03,Plastic,,,Craftworlds,76,000000585,Warlock,AE,1.0,datasheet,Warlock,000000584,Warlock Conclave,AE,1.0,composition,Warlocks,,,,,,,,,,,,
craftworlds-2026-01-corsair-skyreavers,ambiguous_datasheet_candidate,choose_datasheet,,,,,Corsair Skyreavers,Craftworlds,AE,2026-01,Plastic,,,Craftworlds,94,000004196,Corsair Skyreavers,AE,1.0,datasheet,Corsair Skyreavers,000000633,Corsair Skyreaver Band,AE,1.0,composition,Corsair Skyreavers,000004199,Corsair Skyreavers,DRU,1.0,datasheet,Corsair Skyreavers,000004172,Corsair Skyreaver Band,DRU,1.0,composition,Corsair Skyreavers
dark-angels-2013-01-deathwing-terminator-squad,ambiguous_datasheet_candidate,choose_datasheet,,,,,Deathwing Terminator Squad,Dark Angels,SM,2013-01,,,,Dark Angels,30,000000230,Deathwing Terminator Squad,SM,1.0,datasheet,Deathwing Terminator Squad,000003873,Deathwatch Terminator Squad,SM,0.868,datasheet,Deathwatch Terminator Squad,000003822,Deathwatch Terminator Squad,AoI,0.868,datasheet,Deathwatch Terminator Squad,000001183,Terminator Squad,SM,0.8,datasheet,Terminator Squad
death-guard-2017-06-foetid-bloat-drone,ambiguous_datasheet_candidate,choose_datasheet,,,,,Foetid Bloat-Drone,Death Guard,DG,2017-06,,,,Death Guard,36,000001057,Foetid Bloat-drone,DG,1.0,datasheet,Foetid Bloat-drone,000004110,Foetid Bloat-drone with Heavy Blight Launcher,DG,1.0,composition,Foetid Bloat-drone,,,,,,,,,,,,
death-guard-2017-10-foetid-bloat-drone,ambiguous_datasheet_candidate,choose_datasheet,,,,,Foetid Bloat-Drone,Death Guard,DG,2017-10,Plastic,,,Death Guard,47,000001057,Foetid Bloat-drone,DG,1.0,datasheet,Foetid Bloat-drone,000004110,Foetid Bloat-drone with Heavy Blight Launcher,DG,1.0,composition,Foetid Bloat-drone,,,,,,,,,,,,
drukhari-2011-06-scourges,ambiguous_datasheet_candidate,choose_datasheet,,,,,Scourges,Drukhari,DRU,2011-06,Plastic,,,Drukhari,28,000000662,Scourges with Heavy Weapons,DRU,1.0,composition,Scourges,000004157,Scourges with Shardcarbines,DRU,1.0,composition,Scourges,,,,,,,,,,,,
genestealer-cult-2016-10-acolyte-hybrids,ambiguous_datasheet_candidate,choose_datasheet,,,,,Acolyte Hybrids,Genestealer Cult,GC,2016-10,Plastic,Shared Multi-kit,,Genestealer Cult,25,000000511,Acolyte Hybrids With Autopistols,GC,1.0,composition,Acolyte Hybrids,000003716,Acolyte Hybrids With Hand Flamers,GC,1.0,composition,Acolyte Hybrids,,,,,,,,,,,,
harlequins-2015-02-skyweavers,ambiguous_datasheet_candidate,choose_datasheet,,,,,Skyweavers,Harlequins,AE,2015-02,Plastic,,,Harlequins,26,000002539,Skyweavers,AE,1.0,datasheet,Skyweavers,000004163,Skyweavers,DRU,1.0,datasheet,Skyweavers,000004196,Corsair Skyreavers,AE,0.889,composition,Skyreavers,000004199,Corsair Skyreavers,DRU,0.889,composition,Skyreavers
imperial-knights-2025-01-knight-defender,ambiguous_datasheet_candidate,choose_datasheet,,,,,Knight Defender,Imperial Knights,QI,2025-01,Plastic,,,Imperial Knights,37,000004149,Knight Defender,QI,1.0,datasheet,Knight Defender,000004213,Knight Destrier,QI,1.0,composition,Knight Defender,,,,,,,,,,,,
necrons-2020-10-canoptek-doomstalker,ambiguous_datasheet_candidate,choose_datasheet,,,,,Canoptek Doomstalker,Necrons,NEC,2020-10,Plastic,,,Necrons,68,000002115,Canoptek Doomstalker,NEC,1.0,datasheet,Canoptek Doomstalker,000000558,Canoptek Tomb Stalker,NEC,0.878,datasheet,Canoptek Tomb Stalker,,,,,,,,,,,,
orks-2014-05-gorkanaut,ambiguous_datasheet_candidate,choose_datasheet,,,,,Gorkanaut,Orks,ORK,2014-05,Plastic,Shared Multi-kit,,Orks,44,000000043,Gorkanaut,ORK,1.0,datasheet,Gorkanaut,000000042,Morkanaut,ORK,0.889,datasheet,Morkanaut,,,,,,,,,,,,
orks-2014-05-morkanaut,ambiguous_datasheet_candidate,choose_datasheet,,,,,Morkanaut,Orks,ORK,2014-05,,,,Orks,45,000000042,Morkanaut,ORK,1.0,datasheet,Morkanaut,000000043,Gorkanaut,ORK,0.889,datasheet,Gorkanaut,,,,,,,,,,,,
space-marines-2005-04-terminator-squad,ambiguous_datasheet_candidate,choose_datasheet,,,,,Terminator Squad,Space Marines,SM,2005-04,Plastic,,,Space Marines,27,000001183,Terminator Squad,SM,1.0,datasheet,Terminator Squad,000004138,Terminator Squad,SM,1.0,datasheet,Terminator Squad,000004081,Chaos Terminators,EC,1.0,statline,Terminator Squad,000001668,Eliminator Squad,SM,0.875,datasheet,Eliminator Squad
space-marines-2008-10-land-raider-crusader,ambiguous_datasheet_candidate,choose_datasheet,,,,,Land Raider Crusader,Space Marines,SM,2008-10,Plastic,,,Space Marines,42,000000066,Land Raider Crusader,SM,1.0,datasheet,Land Raider Crusader,000004139,Land Raider Crusader,SM,1.0,datasheet,Land Raider Crusader,000000392,Land Raider Crusader,GK,1.0,datasheet,Land Raider Crusader,000000065,Land Raider,SM,0.8,datasheet,Land Raider
space-marines-2010-03-venerable-dreadnought,ambiguous_datasheet_candidate,choose_datasheet,,,,,Venerable Dreadnought,Space Marines,SM,2010-03,Plastic,,,Space Marines,49,000000120,Venerable Dreadnought (Legendary),SM,1.0,datasheet,Venerable Dreadnought (Legendary),000002801,Venerable Dreadnought,SM,1.0,datasheet,Venerable Dreadnought,000000400,Venerable Dreadnought,GK,1.0,datasheet,Venerable Dreadnought,000001192,Chaplain Venerable Dreadnought,SM,0.8,datasheet,Chaplain Venerable Dreadnought
space-marines-2013-09-space-marine-captain,ambiguous_datasheet_candidate,choose_datasheet,,,,,Space Marine Captain,Space Marines,SM,2013-09,Plastic,,,Space Marines,62,000000073,Captain,SM,1.0,datasheet,Captain,000003831,Blood Angels Captain,SM,1.0,statline,Captain,000004166,Caanok Var,SM,1.0,statline,Captain,,,,,,
space-marines-2013-09-sternguard-veteran-squad,ambiguous_datasheet_candidate,choose_datasheet,,,,,Sternguard Veteran Squad,Space Marines,SM,2013-09,Plastic,,,Space Marines,58,000002255,Sternguard Veteran Squad,SM,1.0,datasheet,Sternguard Veteran Squad,000004137,Sternguard Veteran Squad,SM,1.0,datasheet,Sternguard Veteran Squad,000001154,Vanguard Veteran Squad,SM,0.87,datasheet,Vanguard Veteran Squad,000000071,Bladeguard Veteran Squad,SM,0.833,datasheet,Bladeguard Veteran Squad
space-marines-2013-09-vanguard-veteran-squad,ambiguous_datasheet_candidate,choose_datasheet,,,,,Vanguard Veteran Squad,Space Marines,SM,2013-09,Plastic,,,Space Marines,59,000001154,Vanguard Veteran Squad,SM,1.0,datasheet,Vanguard Veteran Squad,000000071,Bladeguard Veteran Squad,SM,0.87,datasheet,Bladeguard Veteran Squad,000002255,Sternguard Veteran Squad,SM,0.87,datasheet,Sternguard Veteran Squad,000004137,Sternguard Veteran Squad,SM,0.87,datasheet,Sternguard Veteran Squad
space-marines-2017-06-primaris-ancient,ambiguous_datasheet_candidate,choose_datasheet,,,,,Primaris Ancient,Space Marines,SM,2017-06,,,,Space Marines,85,000002775,Ancient,SM,1.0,datasheet,Ancient,000000095,Ultramarines Honour Guard,SM,1.0,composition,Ancient,000002772,Company Heroes,SM,1.0,composition,Ancient,,,,,,
space-marines-2017-07-primaris-captain,ambiguous_datasheet_candidate,choose_datasheet,,,,,Primaris Captain,Space Marines,SM,2017-07,Plastic,,,Space Marines,89,000000073,Captain,SM,1.0,datasheet,Captain,000003831,Blood Angels Captain,SM,1.0,statline,Captain,000004166,Caanok Var,SM,1.0,statline,Captain,,,,,,
space-marines-2017-08-primaris-apothecary,ambiguous_datasheet_candidate,choose_datasheet,,,,,Primaris Apothecary,Space Marines,SM,2017-08,Plastic,,,Space Marines,100,000002773,Apothecary,SM,1.0,datasheet,Apothecary,000002103,Command Squad,SM,1.0,composition,Apothecary,,,,,,,,,,,,
space-marines-2017-08-primaris-repulsor,ambiguous_datasheet_candidate,choose_datasheet,,,,,Primaris Repulsor,Space Marines,SM,2017-08,Plastic,,,Space Marines,101,000002721,Repulsor,SM,1.0,datasheet,Repulsor,000002791,Repulsor,SM,1.0,datasheet,Repulsor,,,,,,,,,,,,
space-marines-2019-07-primaris-repulsor-executioner,ambiguous_datasheet_candidate,choose_datasheet,,,,,Primaris Repulsor Executioner,Space Marines,SM,2019-07,Plastic,Repulsor Chassis with cannon variant,,Space Marines,105,000002722,Repulsor Executioner,SM,1.0,datasheet,Repulsor Executioner,000002790,Repulsor Executioner,SM,1.0,datasheet,Repulsor Executioner,,,,,,,,,,,,
space-marines-2019-10-primaris-impulsor,ambiguous_datasheet_candidate,choose_datasheet,,,,,Primaris Impulsor,Space Marines,SM,2019-10,Plastic,,,Space Marines,109,000002568,Impulsor,SM,1.0,datasheet,Impulsor,000002786,Impulsor,SM,1.0,datasheet,Impulsor,,,,,,,,,,,,
space-marines-2020-10-invader-atv,ambiguous_datasheet_candidate,choose_datasheet,,,,,Invader ATV,Space Marines,SM,2020-10,Plastic,,,Space Marines,123,000001158,Invader ATV,SM,1.0,datasheet,Invader ATV,000002712,Outrider Squad,SM,1.0,composition,Invader ATV,,,,,,,,,,,,
space-marines-2020-10-primaris-chaplain-on-bike,ambiguous_datasheet_candidate,choose_datasheet,,,,,Primaris Chaplain on Bike,Space Marines,SM,2020-10,Plastic,,,Space Marines,125,000000094,Chaplain On Bike,SM,1.0,datasheet,Chaplain On Bike,000002702,Captain on Bike,SM,0.903,datasheet,Captain on Bike,000004167,Suboden Khan,SM,0.903,statline,Captain On Bike,,,,,,
space-marines-2020-12-gladiator-lancer,ambiguous_datasheet_candidate,choose_datasheet,,,,,Gladiator Lancer,Space Marines,SM,2020-12,Plastic,,,Space Marines,131,000002705,Gladiator Lancer,SM,1.0,datasheet,Gladiator Lancer,000002787,Gladiator Lancer,SM,1.0,datasheet,Gladiator Lancer,,,,,,,,,,,,
space-marines-2020-12-gladiator-reaper,ambiguous_datasheet_candidate,choose_datasheet,,,,,Gladiator Reaper,Space Marines,SM,2020-12,Plastic,,,Space Marines,130,000001667,Gladiator Reaper,SM,1.0,datasheet,Gladiator Reaper,000002789,Gladiator Reaper,SM,1.0,datasheet,Gladiator Reaper,,,,,,,,,,,,
space-marines-2020-12-gladiator-valiant,ambiguous_datasheet_candidate,choose_datasheet,,,,,Gladiator Valiant,Space Marines,SM,2020-12,Plastic,"Impulsor Chassis with cannon variants
Shared multi-kit",,Space Marines,129,000001825,Gladiator Valiant,SM,1.0,datasheet,Gladiator Valiant,000002788,Gladiator Valiant,SM,1.0,datasheet,Gladiator Valiant,,,,,,,,,,,,
space-marines-2021-02-storm-speeder-hailstrike,ambiguous_datasheet_candidate,choose_datasheet,,,,,Storm Speeder Hailstrike,Space Marines,SM,2021-02,Plastic,Shared Multi-kit,,Space Marines,132,000000124,Storm Speeder Hailstrike,SM,1.0,datasheet,Storm Speeder Hailstrike,000000114,Storm Speeder Hammerstrike,SM,0.88,datasheet,Storm Speeder Hammerstrike,000001610,Storm Speeder Thunderstrike,SM,0.824,datasheet,Storm Speeder Thunderstrike,,,,,,
space-marines-2021-02-storm-speeder-hammerstrike,ambiguous_datasheet_candidate,choose_datasheet,,,,,Storm Speeder Hammerstrike,Space Marines,SM,2021-02,,,,Space Marines,133,000000114,Storm Speeder Hammerstrike,SM,1.0,datasheet,Storm Speeder Hammerstrike,000000124,Storm Speeder Hailstrike,SM,0.88,datasheet,Storm Speeder Hailstrike,000001610,Storm Speeder Thunderstrike,SM,0.868,datasheet,Storm Speeder Thunderstrike,,,,,,
space-marines-2021-02-storm-speeder-thunderstrike,ambiguous_datasheet_candidate,choose_datasheet,,,,,Storm Speeder Thunderstrike,Space Marines,SM,2021-02,,,,Space Marines,134,000001610,Storm Speeder Thunderstrike,SM,1.0,datasheet,Storm Speeder Thunderstrike,000000114,Storm Speeder Hammerstrike,SM,0.868,datasheet,Storm Speeder Hammerstrike,000000124,Storm Speeder Hailstrike,SM,0.824,datasheet,Storm Speeder Hailstrike,,,,,,
space-marines-2023-06-sternguard-veteran-squad,ambiguous_datasheet_candidate,choose_datasheet,,,,,Sternguard Veteran Squad,Space Marines,SM,2023-06,Plastic,,,Space Marines,149,000002255,Sternguard Veteran Squad,SM,1.0,datasheet,Sternguard Veteran Squad,000004137,Sternguard Veteran Squad,SM,1.0,datasheet,Sternguard Veteran Squad,000001154,Vanguard Veteran Squad,SM,0.87,datasheet,Vanguard Veteran Squad,000000071,Bladeguard Veteran Squad,SM,0.833,datasheet,Bladeguard Veteran Squad
space-marines-2023-10-captain-with-jump-pack,ambiguous_datasheet_candidate,choose_datasheet,,,,,Captain with Jump Pack,Space Marines,SM,2023-10,Plastic,,,Space Marines,154,000000083,Captain With Jump Pack,SM,1.0,datasheet,Captain With Jump Pack,000000112,Chaplain With Jump Pack,SM,0.914,datasheet,Chaplain With Jump Pack,000003833,Death Company Captain with Jump Pack,SM,0.75,datasheet,Death Company Captain with Jump Pack,,,,,,
space-marines-2023-10-terminator-squad,ambiguous_datasheet_candidate,choose_datasheet,,,,,Terminator Squad,Space Marines,SM,2023-10,Plastic,,,Space Marines,157,000001183,Terminator Squad,SM,1.0,datasheet,Terminator Squad,000004138,Terminator Squad,SM,1.0,datasheet,Terminator Squad,000004081,Chaos Terminators,EC,1.0,statline,Terminator Squad,000001668,Eliminator Squad,SM,0.875,datasheet,Eliminator Squad
space-marines-2025-01-captain-with-jump-pack,ambiguous_datasheet_candidate,choose_datasheet,,,,,Captain with Jump Pack,Space Marines,SM,2025-01,Plastic,,,Space Marines,169,000000083,Captain With Jump Pack,SM,1.0,datasheet,Captain With Jump Pack,000000112,Chaplain With Jump Pack,SM,0.914,datasheet,Chaplain With Jump Pack,000003833,Death Company Captain with Jump Pack,SM,0.75,datasheet,Death Company Captain with Jump Pack,,,,,,
space-wolves-2016-02-wulfen,ambiguous_datasheet_candidate,choose_datasheet,,,,,Wulfen,Space Wolves,SM,2016-02,Plastic,,,Space Wolves,42,000000311,Wulfen,SM,1.0,datasheet,Wulfen,000004132,Wulfen with Storm Shields,SM,1.0,composition,Wulfen,,,,,,,,,,,,
thousand-sons-2016-12-exalted-sorcerers,ambiguous_datasheet_candidate,choose_datasheet,,,,,Exalted Sorcerers,Thousand Sons,TS,2016-12,Plastic,,,Thousand Sons,24,000001033,Exalted Sorcerer,TS,1.0,datasheet,Exalted Sorcerer,000002755,Exalted Sorcerer on Disc of Tzeentch,TS,1.0,composition,Exalted Sorcerer,,,,,,,,,,,,
tyranids-2014-01-tyranid-warriors,ambiguous_datasheet_candidate,choose_datasheet,,,,,Tyranid Warriors,Tyranids,TYR,2014-01,Plastic,,,Tyranids,41,000002691,Tyranid Warriors With Melee Bio-weapons,TYR,1.0,composition,Tyranid Warriors,000002692,Tyranid Warriors With Ranged Bio-weapons,TYR,1.0,composition,Tyranid Warriors,,,,,,,,,,,,
tyranids-2023-06-tyranid-prime,ambiguous_datasheet_candidate,choose_datasheet,,,,,Tyranid Prime,Tyranids,TYR,2023-06,Plastic,,,Tyranids,61,000002691,Tyranid Warriors With Melee Bio-weapons,TYR,1.0,composition,Tyranid Prime,000002692,Tyranid Warriors With Ranged Bio-weapons,TYR,1.0,composition,Tyranid Prime,000002694,Winged Tyranid Prime,TYR,0.8,datasheet,Winged Tyranid Prime,000003880,Winged Tyranid Prime,GC,0.8,datasheet,Winged Tyranid Prime
tyranids-2023-09-deathleaper-lictor,ambiguous_datasheet_candidate,choose_datasheet,,,,,Deathleaper / Lictor,Tyranids,TYR,2023-09,Plastic,,,Tyranids,70,000000479,Deathleaper,TYR,1.0,datasheet,Deathleaper,000000473,Lictor,TYR,1.0,datasheet,Lictor,000003877,Deathleaper,GC,1.0,datasheet,Deathleaper,000003883,Lictor,GC,1.0,datasheet,Lictor
astra-militarum-2025-01-death-korps-of-krieg-command-squad,book_or_codex,exclude_book_or_confirm_model,,,,,Death Korps of Krieg Command Squad,Astra Militarum,AM,2025-01,Plastic,Codex: Astra Militarum (10th Edition),,Astra Militarum,90,000002613,Death Korps Of Krieg,AM,0.75,datasheet,Death Korps Of Krieg,000003889,Krieg Command Squad,AM,0.75,datasheet,Krieg Command Squad,000003950,Death Korps Of Krieg,GC,0.75,datasheet,Death Korps Of Krieg,000003941,Krieg Command Squad,GC,0.75,datasheet,Krieg Command Squad
blood-angels-2024-01-sanguinor,book_or_codex,exclude_book_or_confirm_model,,,,,Sanguinor,Blood Angels,SM,2024-01,Plastic,Codex Supplement: Blood Angels (10th Edition),,Blood Angels,47,000000156,The Sanguinor,SM,1.0,datasheet,The Sanguinor,,,,,,,,,,,,,,,,,,
chaos-knights-2022-05-knight-abominant,book_or_codex,exclude_book_or_confirm_model,,,,,Knight Abominant,Chaos Knights,QT,2022-05,Plastic,Codex: Chaos Knights (9th Edition),,Chaos Knights,33,000002567,Knight Abominant,QT,1.0,datasheet,Knight Abominant,,,,,,,,,,,,,,,,,,
craftworlds-2024-01-striking-scorpions,book_or_codex,exclude_book_or_confirm_model,,,,,Striking Scorpions,Craftworlds,AE,2024-01,Plastic,Codex: Aeldari (10th Edition),,Craftworlds,82,000000595,Striking Scorpions,AE,1.0,datasheet,Striking Scorpions,,,,,,,,,,,,,,,,,,
dark-angels-2024-02-codex-supplement-dark-angels,book_or_codex,exclude_book_or_confirm_model,,,,,Codex Supplement: Dark Angels,Dark Angels,SM,2024-02,,,,Dark Angels,57,,,,,,,,,,,,,,,,,,,,,,,,
drukhari-2024-01-mandrakes,book_or_codex,exclude_book_or_confirm_model,,,,,Mandrakes,Drukhari,DRU,2024-01,Plastic,Codex: Drukhari (10th Edition),,Drukhari,56,000000649,Mandrakes,DRU,1.0,datasheet,Mandrakes,,,,,,,,,,,,,,,,,,
genestealer-cult-2024-06-codex-genestealer-cults-10th-edition,book_or_codex,exclude_book_or_confirm_model,,,,,Codex: Genestealer Cults (10th Edition),Genestealer Cult,GC,2024-06,,,,Genestealer Cult,48,,,,,,,,,,,,,,,,,,,,,,,,
space-wolves-2025-01-logan-grimnar,book_or_codex,exclude_book_or_confirm_model,,,,,Logan Grimnar,Space Wolves,SM,2025-01,Plastic,Codex: Space Wolves (10th Edition),,Space Wolves,54,000000282,Logan Grimnar,SM,1.0,datasheet,Logan Grimnar,,,,,,,,,,,,,,,,,,
tau-empire-2024-03-codex-t-au,book_or_codex,exclude_book_or_confirm_model,,,,,Codex: T'au,Tau Empire,TAU,2024-03,,,,Tau Empire,63,,,,,,,,,,,,,,,,,,,,,,,,
adepta-sororitas-2017-01-saint-celestine,box_or_product,confirm_model_release_context,,,,,Saint Celestine,Adepta Sororitas,AS,2017-01,Plastic,Triumvirate of the Imperium box - Solo release 2018-01,,Adepta Sororitas,25,000000898,Saint Celestine,AS,1.0,datasheet,Saint Celestine,,,,,,,,,,,,,,,,,,
adepta-sororitas-2021-03-palatine,box_or_product,confirm_model_release_context,,,,,Palatine,Adepta Sororitas,AS,2021-03,Plastic,Piety and Pain box - Solo release 2021-06?,,Adepta Sororitas,49,000002472,Palatine,AS,1.0,datasheet,Palatine,,,,,,,,,,,,,,,,,,
adepta-sororitas-2022-03-kill-team-novitiates,box_or_product,confirm_model_release_context,,,,,Kill Team: Novitiates,Adepta Sororitas,AS,2022-03,Plastic,,,Adepta Sororitas,56,,,,,,,,,,,,,,,,,,,,,,,,
adepta-sororitas-2025-08-celestian-insidiants,box_or_product,confirm_model_release_context,,,,,Celestian Insidiants,Adepta Sororitas,AS,2025-08,Plastic,Kill Team: Shadowhunt,,Adepta Sororitas,60,000004189,Celestian Insidiants,AS,1.0,datasheet,Celestian Insidiants,,,,,,,,,,,,,,,,,,
adeptus-custodes-2021-12-blade-champion,box_or_product,confirm_model_release_context,,,,,Blade Champion,Adeptus Custodes,AC,2021-12,Plastic,Shadow Throne Box,,Adeptus Custodes,42,000002518,Blade Champion,AC,1.0,datasheet,Blade Champion,000001044,Plague Marines,DG,0.828,composition,Plague Champion,000003584,Plague Marines,CSM,0.828,composition,Plague Champion,,,,,,
adeptus-mechanicus-2015-11-tech-priest-enginseer,box_or_product,confirm_model_release_context,,,,,Tech-Priest Enginseer,Adeptus Mechanicus,AdM,2015-11,Plastic,Leman Russ Tech-Command box - Solo release 2016-06,,Adeptus Mechanicus,40,000000840,Tech-priest Enginseer,AdM,1.0,datasheet,Tech-priest Enginseer,000001396,Tech-Priest Enginseer,AM,1.0,datasheet,Tech-Priest Enginseer,,,,,,,,,,,,
adeptus-mechanicus-2017-01-belisarius-cawl,box_or_product,confirm_model_release_context,,,,,Belisarius Cawl,Adeptus Mechanicus,AdM,2017-01,Plastic,Triumvirate of the Imperium box - Solo release 2017-09,,Adeptus Mechanicus,41,000000838,Belisarius Cawl,AdM,1.0,datasheet,Belisarius Cawl,,,,,,,,,,,,,,,,,,
adeptus-mechanicus-2019-01-tech-priest-manipulus,box_or_product,confirm_model_release_context,,,,,Tech-Priest Manipulus,Adeptus Mechanicus,AdM,2019-01,,Kill Team: Theta-7 Acquisitus box - Solo release 2020-06,,Adeptus Mechanicus,44,000001580,Tech-priest Manipulus,AdM,1.0,datasheet,Tech-priest Manipulus,000003840,Tech-priest Manipulus,QI,1.0,datasheet,Tech-priest Manipulus,,,,,,,,,,,,
adeptus-mechanicus-2025-01-battleclade-kill-team,box_or_product,confirm_model_release_context,,,,,Battleclade Kill Team,Adeptus Mechanicus,AdM,2025-01,Plastic,Kill Team: Typhon,,Adeptus Mechanicus,59,,,,,,,,,,,,,,,,,,,,,,,,
astra-militarum-2022-01-kill-team-veteran-guardsmen,box_or_product,confirm_model_release_context,,,,,Kill Team: Veteran Guardsmen,Astra Militarum,AM,2022-01,Plastic,,,Astra Militarum,74,000003821,Kill Team Cassius,AoI,0.857,statline,KILL TEAM VETERAN,000003824,Proteus Kill Team,AoI,0.857,composition,Kill Team Veterans,000003875,Kill Team Cassius,SM,0.857,statline,KILL TEAM VETERAN,,,,,,
astra-militarum-2024-01-ratlings,box_or_product,confirm_model_release_context,,,,,Ratlings,Astra Militarum,AM,2024-01,Plastic,Kill Team: Brutal and Cunning,,Astra Militarum,87,000000724,Ratlings,AM,1.0,datasheet,Ratlings,000003937,Provisionally Prepared,AM,1.0,statline,Ratlings,,,,,,,,,,,,
astra-militarum-2024-01-tempestus-aquilons,box_or_product,confirm_model_release_context,,,,,Tempestus Aquilons,Astra Militarum,AM,2024-01,Plastic,Kill Team: Hivestorm,,Astra Militarum,86,000003834,Tempestus Aquilons,AM,1.0,datasheet,Tempestus Aquilons,,,,,,,,,,,,,,,,,,
chaos-space-marines-2018-11-chaos-lord,box_or_product,confirm_model_release_context,,,,,Chaos Lord,Chaos Space Marines,CSM,2018-11,Plastic,Blackstone Fortress Box - Solo release 2019-04,,Chaos Space Marines,61,000000929,Chaos Lord,CSM,1.0,datasheet,Chaos Lord,000003711,Chaos Lord with Jump Pack,CSM,1.0,composition,Chaos Lord,000004036,Chaos Lord,CD,1.0,datasheet,Chaos Lord,000004038,Chaos Lord with Jump Pack,CD,1.0,composition,Chaos Lord
chaos-space-marines-2022-02-chosen,box_or_product,confirm_model_release_context,,,,,Chosen,Chaos Space Marines,CSM,2022-02,Plastic,Eldritch Omens Box,,Chaos Space Marines,75,000000952,Chosen,CSM,1.0,datasheet,Chosen,000004044,Chosen,CD,1.0,datasheet,Chosen,,,,,,,,,,,,
chaos-space-marines-2024-05-chaos-lord,box_or_product,confirm_model_release_context,,,,,Chaos Lord,Chaos Space Marines,CSM,2024-05,Plastic,Veterans of the Long War Battleforce - Solo release TBA,,Chaos Space Marines,79,000000929,Chaos Lord,CSM,1.0,datasheet,Chaos Lord,000003711,Chaos Lord with Jump Pack,CSM,1.0,composition,Chaos Lord,000004036,Chaos Lord,CD,1.0,datasheet,Chaos Lord,000004038,Chaos Lord with Jump Pack,CD,1.0,composition,Chaos Lord
chaos-space-marines-2024-05-chaos-lord-on-jump-pack,box_or_product,confirm_model_release_context,,,,,Chaos Lord on Jump Pack,Chaos Space Marines,CSM,2024-05,Plastic,Dread Talons Battleforce - Solo release TBA,,Chaos Space Marines,80,000003711,Chaos Lord with Jump Pack,CSM,0.889,datasheet,Chaos Lord with Jump Pack,000004038,Chaos Lord with Jump Pack,CD,0.889,datasheet,Chaos Lord with Jump Pack,,,,,,,,,,,,
craftworlds-2016-09-eldrad-ulthran,box_or_product,confirm_model_release_context,,,,,Eldrad Ulthran,Craftworlds,AE,2016-09,Plastic,Death Masque box – Solo release 2017-10,,Craftworlds,63,000000568,Eldrad Ulthran,AE,1.0,datasheet,Eldrad Ulthran,,,,,,,,,,,,,,,,,,
craftworlds-2018-10-spiritseer,box_or_product,confirm_model_release_context,,,,,Spiritseer,Craftworlds,AE,2018-10,Plastic,Wake the Dead box – Solo release 2019-07,,Craftworlds,66,000000588,Spiritseer,AE,1.0,datasheet,Spiritseer,,,,,,,,,,,,,,,,,,
craftworlds-2019-10-howling-banshees,box_or_product,confirm_model_release_context,,,,,Howling Banshees,Craftworlds,AE,2019-10,Plastic,Blood of the Phoenix box – Solo release 2020-03,,Craftworlds,68,000000594,Howling Banshees,AE,1.0,datasheet,Howling Banshees,,,,,,,,,,,,,,,,,,
craftworlds-2019-10-jain-zar,box_or_product,confirm_model_release_context,,,,,Jain Zar,Craftworlds,AE,2019-10,Plastic,Blood of the Phoenix box – Solo release 2020-03,,Craftworlds,67,000000572,Jain Zar,AE,1.0,datasheet,Jain Zar,,,,,,,,,,,,,,,,,,
craftworlds-2022-02-shroud-runners,box_or_product,confirm_model_release_context,,,,,Shroud Runners,Craftworlds,AE,2022-02,Plastic,Eldritch Omens Box,,Craftworlds,71,000002533,Shroud Runners,AE,1.0,datasheet,Shroud Runners,,,,,,,,,,,,,,,,,,
deathwatch-2016-09-kill-team,box_or_product,confirm_model_release_context,,,,,Kill Team,Deathwatch,SM,2016-09,Plastic,,,Deathwatch,23,000003875,Kill Team Cassius,SM,0.8,datasheet,Kill Team Cassius,000002780,Fortis Kill Team,SM,0.8,datasheet,Fortis Kill Team,000002781,Indomitor Kill Team,SM,0.8,datasheet,Indomitor Kill Team,000002779,Spectrus Kill Team,SM,0.8,datasheet,Spectrus Kill Team
deathwatch-2016-09-kill-team-cassius,box_or_product,confirm_model_release_context,,,,,Kill Team Cassius,Deathwatch,SM,2016-09,Plastic,,,Deathwatch,26,000003875,Kill Team Cassius,SM,1.0,datasheet,Kill Team Cassius,000003821,Kill Team Cassius,AoI,1.0,datasheet,Kill Team Cassius,,,,,,,,,,,,
deathwatch-2025-07-deathwatch-kill-team-operatives,box_or_product,confirm_model_release_context,,,,,Deathwatch Kill-Team Operatives,Deathwatch,SM,2025-07,Plastic,Kill Team: Deathwatch vs Necrons (Tomb World),,Deathwatch,33,000003816,Deathwatch Kill Team,AoI,0.857,datasheet,Deathwatch Kill Team,,,,,,,,,,,,,,,,,,
drukhari-2019-10-drazhar,box_or_product,confirm_model_release_context,,,,,Drazhar,Drukhari,DRU,2019-10,Plastic,Blood of the Phoenix box – Solo release 2020-03,,Drukhari,50,000000643,Drazhar,DRU,1.0,datasheet,Drazhar,,,,,,,,,,,,,,,,,,
drukhari-2019-10-incubi,box_or_product,confirm_model_release_context,,,,,Incubi,Drukhari,DRU,2019-10,Plastic,Blood of the Phoenix box – Solo release 2020-03,,Drukhari,51,000000648,Incubi,DRU,1.0,datasheet,Incubi,000003918,Ynnari Incubi,AE,1.0,composition,Incubi,,,,,,,,,,,,
drukhari-2021-03-lelith-hesperax,box_or_product,confirm_model_release_context,,,,,Lelith Hesperax,Drukhari,DRU,2021-03,Plastic,Piety and Pain box - Solo release 2021-05,,Drukhari,54,000000640,Lelith Hesperax,DRU,1.0,datasheet,Lelith Hesperax,,,,,,,,,,,,,,,,,,
genestealer-cult-2018-08-aberrants,box_or_product,confirm_model_release_context,,,,,Aberrants,Genestealer Cult,GC,2018-08,Plastic,Tooth and Claw box – Solo release 2019-02,,Genestealer Cult,32,000000514,Aberrants,GC,1.0,datasheet,Aberrants,,,,,,,,,,,,,,,,,,
genestealer-cult-2018-08-abominant,box_or_product,confirm_model_release_context,,,,,Abominant,Genestealer Cult,GC,2018-08,Plastic,Tooth and Claw box – Solo release 2019-02,,Genestealer Cult,33,000001546,Abominant,GC,1.0,datasheet,Abominant,,,,,,,,,,,,,,,,,,
genestealer-cult-2021-12-reductus-saboteur,box_or_product,confirm_model_release_context,,,,,Reductus Saboteur,Genestealer Cult,GC,2021-12,Plastic,Shadow Throne Box,,Genestealer Cult,46,000002525,Reductus Saboteur,GC,1.0,datasheet,Reductus Saboteur,,,,,,,,,,,,,,,,,,
grey-knights-2021-08-castellan-crowe,box_or_product,confirm_model_release_context,,,,,Castellan Crowe,Grey Knights,GK,2021-08,Plastic,Hexfire Box - Solo release 2022-03,,Grey Knights,48,000000380,Castellan Crowe,GK,1.0,datasheet,Castellan Crowe,,,,,,,,,,,,,,,,,,
inquisition-2017-01-inquisitor-greyfax,box_or_product,confirm_model_release_context,,,,,Inquisitor Greyfax,Inquisition,AoI,2017-01,Plastic,Triumvirate of the Imperium box - Solo release 2018-01,,Inquisition,26,000000874,Inquisitor Greyfax,AoI,1.0,datasheet,Inquisitor Greyfax,000002090,Inquisitor Draxus,AoI,0.824,datasheet,Inquisitor Draxus,,,,,,,,,,,,
inquisition-2023-07-inquisitorial-agent-kill-team,box_or_product,confirm_model_release_context,,,,,Inquisitorial Agent Kill Team,Inquisition,AoI,2023-07,Plastic,,,Inquisition,38,,,,,,,,,,,,,,,,,,,,,,,,
inquisition-2025-01-sanctifiers-kill-team,box_or_product,confirm_model_release_context,,,,,Sanctifiers Kill Team,Inquisition,AoI,2025-01,Plastic,,,Inquisition,41,,,,,,,,,,,,,,,,,,,,,,,,
necrons-2018-03-necron-cryptek,box_or_product,confirm_model_release_context,,,,,Necron Cryptek,Necrons,NEC,2018-03,Plastic,Forgebane Box – Solo release 2018-12,,Necrons,53,,,,,,,,,,,,,,,,,,,,,,,,
necrons-2020-07-canoptek-scarab-swarms,box_or_product,confirm_model_release_context,,,,,Canoptek Scarab Swarms,Necrons,NEC,2020-07,Plastic,Indomitus Box - Solo release 2020-10,,Necrons,65,000002114,Canoptek Scarab Swarms,NEC,1.0,datasheet,Canoptek Scarab Swarms,,,,,,,,,,,,,,,,,,
necrons-2020-07-necron-warriors,box_or_product,confirm_model_release_context,,,,,Necron Warriors,Necrons,NEC,2020-07,Plastic,Indomitus Box - Solo release 2020-10,,Necrons,66,000000534,Necron Warriors,NEC,1.0,datasheet,Necron Warriors,,,,,,,,,,,,,,,,,,
necrons-2020-07-overlord,box_or_product,confirm_model_release_context,,,,,Overlord,Necrons,NEC,2020-07,Plastic,Indomitus Box,,Necrons,57,000000523,Overlord,NEC,1.0,datasheet,Overlord,,,,,,,,,,,,,,,,,,
necrons-2020-07-plasmacyte,box_or_product,confirm_model_release_context,,,,,Plasmacyte,Necrons,NEC,2020-07,Plastic,Indomitus Box - Solo release 2020-10,,Necrons,64,,,,,,,,,,,,,,,,,,,,,,,,
necrons-2020-07-plasmancer,box_or_product,confirm_model_release_context,,,,,Plasmancer,Necrons,NEC,2020-07,Plastic,"Indomitus Box - Re-release in ""Necrons Royal Court"" 2021-03",,Necrons,59,000002108,Plasmancer,NEC,1.0,datasheet,Plasmancer,,,,,,,,,,,,,,,,,,
necrons-2020-07-skorpeth-destroyers,box_or_product,confirm_model_release_context,,,,,Skorpeth Destroyers,Necrons,NEC,2020-07,Plastic,Indomitus Box - Solo release 2020-10,,Necrons,63,000002110,Skorpekh Destroyers,NEC,0.944,datasheet,Skorpekh Destroyers,,,,,,,,,,,,,,,,,,
necrons-2021-03-chronomancer,box_or_product,confirm_model_release_context,,,,,Chronomancer,Necrons,NEC,2021-03,Plastic,Kill Team: Pariah Nexus box - Solo release 2021-05,,Necrons,76,000002354,Chronomancer,NEC,1.0,datasheet,Chronomancer,000002352,Technomancer,NEC,0.833,datasheet,Technomancer,,,,,,,,,,,,
necrons-2021-03-flayed-ones,box_or_product,confirm_model_release_context,,,,,Flayed Ones,Necrons,NEC,2021-03,Plastic,Kill Team: Pariah Nexus box - Solo release 2021-05,,Necrons,77,000000538,Flayed Ones,NEC,1.0,datasheet,Flayed Ones,,,,,,,,,,,,,,,,,,
orks-2014-05-warboss-grukk-s-boss-mob,box_or_product,confirm_model_release_context,,,,,Warboss Grukk's Boss-Mob,Orks,ORK,2014-05,Plastic,Stormclaw box – Solo release 2016-02,,Orks,46,,,,,,,,,,,,,,,,,,,,,,,,
orks-2020-03-ghazghkull-thraka,box_or_product,confirm_model_release_context,,,,,Ghazghkull Thraka,Orks,ORK,2020-03,Plastic,Prophecy of the Wolf box - Solo releases 2020-11,,Orks,65,000000008,Ghazghkull Thraka,ORK,1.0,datasheet,Ghazghkull Thraka,,,,,,,,,,,,,,,,,,
orks-2021-07-zodgrod-wortsnagga,box_or_product,confirm_model_release_context,,,,,Zodgrod Wortsnagga,Orks,ORK,2021-07,Plastic,Beast Snagga Orks Army Set - Solo releases 2021-09,,Orks,69,000002488,Zodgrod Wortsnagga,ORK,1.0,datasheet,Zodgrod Wortsnagga,,,,,,,,,,,,,,,,,,
orks-2022-01-kill-team-kommandos,box_or_product,confirm_model_release_context,,,,,Kill Team: Kommandos,Orks,ORK,2022-01,Plastic,,,Orks,84,,,,,,,,,,,,,,,,,,,,,,,,
orks-2024-03-big-mek,box_or_product,confirm_model_release_context,,,,,Big Mek,Orks,ORK,2024-03,Plastic,Stompa boyz Battleforce - Solo release,,Orks,87,000003707,Big Mek,ORK,1.0,datasheet,Big Mek,,,,,,,,,,,,,,,,,,
orks-2024-10-kill-team-storm-volkus,box_or_product,confirm_model_release_context,,,,,Kill Team: Storm Volkus,Orks,ORK,2024-10,Plastic,,,Orks,91,,,,,,,,,,,,,,,,,,,,,,,,
space-marines-2013-09-space-marines-chaplain,box_or_product,confirm_model_release_context,,,,,Space Marines Chaplain,Space Marines,SM,2013-09,Plastic,Reclusiam Command Squad box - Solo re-release 2021-11,,Space Marines,64,000001174,Chaplain,SM,1.0,datasheet,Chaplain,,,,,,,,,,,,,,,,,,
space-marines-2020-07-assault-intercessor-squad,box_or_product,confirm_model_release_context,,,,,Assault Intercessor Squad,Space Marines,SM,2020-07,Plastic,Indomitus Box,,Space Marines,121,000001606,Assault Intercessor Squad,SM,1.0,datasheet,Assault Intercessor Squad,000000061,Assault Squad,SM,0.8,datasheet,Assault Squad,000001157,Intercessor Squad,SM,0.8,datasheet,Intercessor Squad,,,,,,
space-marines-2020-07-outriders,box_or_product,confirm_model_release_context,,,,,Outriders,Space Marines,SM,2020-07,Plastic,Indomitus Box - Solo release 2020-11,,Space Marines,122,000002712,Outrider Squad,SM,1.0,composition,Outriders,,,,,,,,,,,,,,,,,,
space-marines-2020-07-primaris-captain-sword-shield,box_or_product,confirm_model_release_context,,,,,Primaris Captain - Sword & Shield,Space Marines,SM,2020-07,Plastic,Indomitus Box,,Space Marines,114,000001447,Shield-captain,AC,0.8,datasheet,Shield-captain,,,,,,,,,,,,,,,,,,
space-marines-2020-07-primaris-chaplain,box_or_product,confirm_model_release_context,,,,,Primaris Chaplain,Space Marines,SM,2020-07,Plastic,"Indomitus Box - Re-release in ""Honoured of the Chapter"" 2021-03",,Space Marines,116,000001174,Chaplain,SM,1.0,datasheet,Chaplain,,,,,,,,,,,,,,,,,,
space-marines-2021-03-heavy-intercessor-squad,box_or_product,confirm_model_release_context,,,,,Heavy Intercessor Squad,Space Marines,SM,2021-03,Plastic,Kill Team: Pariah Nexus box - Solo release 2021-05,,Space Marines,139,000001177,Heavy Intercessor Squad,SM,1.0,datasheet,Heavy Intercessor Squad,000001157,Intercessor Squad,SM,0.8,datasheet,Intercessor Squad,,,,,,,,,,,,
space-marines-2021-03-primaris-captain-with-master-crafted-heavy-bolt-rifle,box_or_product,confirm_model_release_context,,,,,Primaris Captain with Master-Crafted Heavy Bolt Rifle,Space Marines,SM,2021-03,Plastic,Kill Team: Pariah Nexus box - Solo release 2021-05,,Space Marines,138,,,,,,,,,,,,,,,,,,,,,,,,
space-marines-2023-06-terminator-squad,box_or_product,confirm_model_release_context,,,,,Terminator Squad,Space Marines,SM,2023-06,Plastic,Leviathan Box,,Space Marines,150,000001183,Terminator Squad,SM,1.0,datasheet,Terminator Squad,000004138,Terminator Squad,SM,1.0,datasheet,Terminator Squad,000004081,Chaos Terminators,EC,1.0,statline,Terminator Squad,000001668,Eliminator Squad,SM,0.875,datasheet,Eliminator Squad
space-marines-2023-06-warhammer-40000-leviathan,box_or_product,confirm_model_release_context,,,,,Warhammer 40000: Leviathan,Space Marines,SM,2023-06,Plastic,Space Marines vs Tyranids,,Space Marines,144,,,,,,,,,,,,,,,,,,,,,,,,
space-marines-2026-01-ancient,box_or_product,confirm_model_release_context,,,,,Ancient,Space Marines,SM,2026-01,Plastic,11th Edition launch box,,Space Marines,176,000002775,Ancient,SM,1.0,datasheet,Ancient,000000095,Ultramarines Honour Guard,SM,1.0,composition,Ancient,000002772,Company Heroes,SM,1.0,composition,Ancient,,,,,,
space-marines-2026-01-captain,box_or_product,confirm_model_release_context,,,,,Captain,Space Marines,SM,2026-01,Plastic,11th Edition launch box,,Space Marines,173,000000073,Captain,SM,1.0,datasheet,Captain,000003831,Blood Angels Captain,SM,1.0,statline,Captain,000004166,Caanok Var,SM,1.0,statline,Captain,,,,,,
space-marines-2026-01-chaplain-with-jump-pack,box_or_product,confirm_model_release_context,,,,,Chaplain with Jump Pack,Space Marines,SM,2026-01,Plastic,11th Edition launch box,,Space Marines,175,000000112,Chaplain With Jump Pack,SM,1.0,datasheet,Chaplain With Jump Pack,000000083,Captain With Jump Pack,SM,0.914,datasheet,Captain With Jump Pack,,,,,,,,,,,,
space-marines-2026-01-eradicators,box_or_product,confirm_model_release_context,,,,,Eradicators,Space Marines,SM,2026-01,Plastic,11th Edition launch box,,Space Marines,179,000000103,Eradicator Squad,SM,1.0,composition,Eradicators,,,,,,,,,,,,,,,,,,
space-marines-2026-01-intercessors,box_or_product,confirm_model_release_context,,,,,Intercessors,Space Marines,SM,2026-01,Plastic,11th Edition launch box,,Space Marines,177,000001157,Intercessor Squad,SM,1.0,composition,Intercessors,,,,,,,,,,,,,,,,,,
space-marines-2026-01-land-speeder,box_or_product,confirm_model_release_context,,,,,Land Speeder,Space Marines,SM,2026-01,Plastic,11th Edition launch box,,Space Marines,180,000002711,Land Speeder,SM,1.0,datasheet,Land Speeder,000000132,Land Speeder Storm,SM,0.8,datasheet,Land Speeder Storm,000000242,Land Speeder Vengeance,SM,0.8,datasheet,Land Speeder Vengeance,000001168,Land Speeder Tempest,SM,0.8,datasheet,Land Speeder Tempest
space-marines-2026-01-librarian,box_or_product,confirm_model_release_context,,,,,Librarian,Space Marines,SM,2026-01,Plastic,11th Edition launch box,,Space Marines,174,000002266,Librarian,SM,1.0,datasheet,Librarian,,,,,,,,,,,,,,,,,,
space-marines-2026-01-vanguard-veterans,box_or_product,confirm_model_release_context,,,,,Vanguard Veterans,Space Marines,SM,2026-01,Plastic,11th Edition launch box,,Space Marines,178,000001154,Vanguard Veteran Squad,SM,1.0,composition,Vanguard Veterans,000000071,Bladeguard Veteran Squad,SM,0.824,composition,Bladeguard Veterans,000002255,Sternguard Veteran Squad,SM,0.824,composition,Sternguard Veterans,000004137,Sternguard Veteran Squad,SM,0.824,composition,Sternguard Veterans
space-wolves-2014-05-wolf-lord-krom,box_or_product,confirm_model_release_context,,,,,Wolf Lord Krom,Space Wolves,SM,2014-05,Plastic,Stormclaw box - Solo release 2016-02,,Space Wolves,34,,,,,,,,,,,,,,,,,,,,,,,,
space-wolves-2018-08-battle-leader,box_or_product,confirm_model_release_context,,,,,Battle Leader,Space Wolves,SM,2018-08,Plastic,Tooth and Claw box - discontinued - Re-release in Combat Patrol box 2020-11,,Space Wolves,47,,,,,,,,,,,,,,,,,,,,,,,,
space-wolves-2020-03-ragnar-blackmane,box_or_product,confirm_model_release_context,,,,,Ragnar Blackmane,Space Wolves,SM,2020-03,Plastic,Prophecy of the Wolf box - Solo release 2020-11,,Space Wolves,49,000000285,Ragnar Blackmane,SM,1.0,datasheet,Ragnar Blackmane,,,,,,,,,,,,,,,,,,
space-wolves-2025-01-wolf-scout-team,box_or_product,confirm_model_release_context,,,,,Wolf Scout Team,Space Wolves,SM,2025-01,Plastic,Kill Team: Dead Silence,,Space Wolves,63,000000310,Wolf Scouts (Legendary),SM,0.8,datasheet,Wolf Scouts (Legendary),000004182,Wolf Scouts,SM,0.8,datasheet,Wolf Scouts,,,,,,,,,,,,
tau-empire-2015-10-ethereal,box_or_product,confirm_model_release_context,,,,,Ethereal,Tau Empire,TAU,2015-10,Plastic,Infiltration Cadre Burning Dawn box - Solo re-release 2022-02,,Tau Empire,53,000000404,Ethereal,TAU,1.0,datasheet,Ethereal,,,,,,,,,,,,,,,,,,
tau-empire-2022-03-kill-team-t-au-pathfinders,box_or_product,confirm_model_release_context,,,,,Kill Team: T’au Pathfinders,Tau Empire,TAU,2022-03,Plastic,,,Tau Empire,60,,,,,,,,,,,,,,,,,,,,,,,,
tau-empire-2025-01-xv26-stealth-battlesuit,box_or_product,confirm_model_release_context,,,,,XV26 Stealth Battlesuit,Tau Empire,TAU,2025-01,Plastic,Kill Team: Dead Silence,,Tau Empire,73,000000417,Stealth Battlesuits,TAU,0.8,datasheet,Stealth Battlesuits,,,,,,,,,,,,,,,,,,
thousand-sons-2021-08-infernal-master,box_or_product,confirm_model_release_context,,,,,Infernal Master,Thousand Sons,TS,2021-08,Plastic,Hexfire Box - Solo release 2022-03,,Thousand Sons,35,000002500,Infernal Master,TS,1.0,datasheet,Infernal Master,,,,,,,,,,,,,,,,,,
tyranids-2014-12-broodlord,box_or_product,confirm_model_release_context,,,,,Broodlord,Tyranids,TYR,2014-12,Plastic,Shield of Baal: Deathstorm box - Solo release 2016-06,,Tyranids,51,000000463,Broodlord,TYR,1.0,datasheet,Broodlord,,,,,,,,,,,,,,,,,,
tyranids-2023-06-warhammer-40000-leviathan,box_or_product,confirm_model_release_context,,,,,Warhammer 40000: Leviathan,Tyranids,TYR,2023-06,Plastic,Space Marines vs Tyranids,,Tyranids,60,,,,,,,,,,,,,,,,,,,,,,,,
tyranids-2025-01-raveners,box_or_product,confirm_model_release_context,,,,,Raveners,Tyranids,TYR,2025-01,Plastic,Kill Team: Typhon,,Tyranids,72,000000482,Raveners,TYR,1.0,datasheet,Raveners,000004117,Hyperadapted Raveners,TYR,1.0,composition,Raveners,000003886,Raveners,GC,1.0,datasheet,Raveners,000004118,Hyperadapted Raveners,GC,1.0,composition,Raveners
ynnari-2017-02-the-yncarne,box_or_product,confirm_model_release_context,,,,,The Yncarne,Ynnari,AE,2017-02,Plastic,Combo box - Solo releases 2022-03,,Ynnari,21,000002544,The Yncarne,AE,1.0,datasheet,The Yncarne,,,,,,,,,,,,,,,,,,
adeptus-mechanicus-2014-02-knight-errant,faction_mismatch_candidate,confirm_cross_faction_link,,,,,Knight Errant,Adeptus Mechanicus,AdM,2014-02,Plastic,Initial release - Combined into Preceptor Multi-kit 2018-09,,Adeptus Mechanicus,20,000000856,Knight Errant,QI,1.0,datasheet,Knight Errant,000001659,Knight Tyrant,QT,0.846,datasheet,Knight Tyrant,,,,,,,,,,,,
adeptus-mechanicus-2014-02-knight-paladin,faction_mismatch_candidate,confirm_cross_faction_link,,,,,Knight Paladin,Adeptus Mechanicus,AdM,2014-02,,,,Adeptus Mechanicus,21,000000855,Knight Paladin,QI,1.0,datasheet,Knight Paladin,,,,,,,,,,,,,,,,,,
adeptus-mechanicus-2015-05-knight-crusader,faction_mismatch_candidate,confirm_cross_faction_link,,,,,Knight Crusader,Adeptus Mechanicus,AdM,2015-05,,,,Adeptus Mechanicus,39,000000859,Knight Crusader,QI,1.0,datasheet,Knight Crusader,,,,,,,,,,,,,,,,,,
adeptus-mechanicus-2015-05-knight-gallant,faction_mismatch_candidate,confirm_cross_faction_link,,,,,Knight Gallant,Adeptus Mechanicus,AdM,2015-05,,,,Adeptus Mechanicus,38,000000858,Knight Gallant,QI,1.0,datasheet,Knight Gallant,000001486,Knight Valiant,QI,0.857,datasheet,Knight Valiant,,,,,,,,,,,,
adeptus-mechanicus-2015-05-knight-warden,faction_mismatch_candidate,confirm_cross_faction_link,,,,,Knight Warden,Adeptus Mechanicus,AdM,2015-05,Plastic,Initial release - Combined into Preceptor Multi-kit 2018-09,,Adeptus Mechanicus,37,000000857,Knight Warden,QI,1.0,datasheet,Knight Warden,,,,,,,,,,,,,,,,,,
chaos-space-marines-2008-05-bloodletters-of-khorne,faction_mismatch_candidate,confirm_cross_faction_link,,,,,Bloodletters of Khorne,Chaos Space Marines,CSM,2008-05,Plastic,,,Chaos Space Marines,31,000001114,Bloodletters,CD,1.0,datasheet,Bloodletters,000004106,Bloodletters,WE,1.0,datasheet,Bloodletters,,,,,,,,,,,,
chaos-space-marines-2012-08-plaguebearers-of-nurgle,faction_mismatch_candidate,confirm_cross_faction_link,,,,,Plaguebearers of Nurgle,Chaos Space Marines,CSM,2012-08,Plastic,,,Chaos Space Marines,37,000001132,Plaguebearers,CD,1.0,datasheet,Plaguebearers,000004113,Plaguebearers,DG,1.0,datasheet,Plaguebearers,,,,,,,,,,,,
chaos-space-marines-2016-09-kh-rn-the-betrayer,faction_mismatch_candidate,confirm_cross_faction_link,,,,,Khârn the Betrayer,Chaos Space Marines,CSM,2016-09,Plastic,,,Chaos Space Marines,51,000002622,Khârn The Betrayer,WE,1.0,datasheet,Khârn The Betrayer,,,,,,,,,,,,,,,,,,
chaos-space-marines-2017-10-icon-bearer,faction_mismatch_candidate,confirm_cross_faction_link,,,,,Icon Bearer,Chaos Space Marines,CSM,2017-10,Plastic,,,Chaos Space Marines,59,000002750,Icon Bearer,DG,1.0,datasheet,Icon Bearer,,,,,,,,,,,,,,,,,,
death-guard-2012-09-chaos-cultists,faction_mismatch_candidate,confirm_cross_faction_link,,,,,Chaos Cultists,Death Guard,DG,2012-09,Plastic,,,Death Guard,25,000000946,Cultist Mob,CSM,1.0,composition,Chaos Cultists,000003713,Cultist Mob with Firearms,CSM,1.0,composition,Chaos Cultists,000003849,Cultist Mob,QT,1.0,composition,Chaos Cultists,000003850,Cultist Mob with Firearms,QT,1.0,composition,Chaos Cultists
deathwatch-2016-09-terminator-captain,faction_mismatch_candidate,confirm_cross_faction_link,,,,,Terminator Captain,Deathwatch,SM,2016-09,Plastic,,,Deathwatch,22,000000947,Chaos Terminator Squad,CSM,0.865,composition,Terminator Champion,000002629,Chaos Terminators,WE,0.865,composition,Terminator Champion,000004043,Chaos Terminator Squad,CD,0.865,composition,Terminator Champion,000004081,Chaos Terminators,EC,0.865,composition,Terminator Champion
grey-knights-2015-06-librarian-in-terminator-armour,faction_mismatch_candidate,confirm_cross_faction_link,,,,,Librarian in Terminator Armour,Grey Knights,GK,2015-06,Plastic,,,Grey Knights,41,000000079,Librarian In Terminator Armour,SM,1.0,datasheet,Librarian In Terminator Armour,000002760,Inquisitor In Terminator Armour,AoI,0.75,datasheet,Inquisitor In Terminator Armour,000004072,Sorcerer In Terminator Armour,CD,0.75,datasheet,Sorcerer In Terminator Armour,000000939,Sorcerer In Terminator Armour,CSM,0.75,datasheet,Sorcerer In Terminator Armour
adeptus-custodes-2015-11-contemptor-dreadnought,low_confidence_candidate,confirm_candidate_or_add_alias,,,,,Contemptor Dreadnought,Adeptus Custodes,AC,2015-11,Plastic,,,Adeptus Custodes,21,000002717,Redemptor Dreadnought,SM,0.837,datasheet,Redemptor Dreadnought,000000883,Venerable Contemptor Dreadnought,AC,0.8,datasheet,Venerable Contemptor Dreadnought,000001458,Contemptor-achillus Dreadnought,AC,0.8,datasheet,Contemptor-achillus Dreadnought,000001557,Contemptor-galatus Dreadnought,AC,0.8,datasheet,Contemptor-galatus Dreadnought
adeptus-custodes-2017-04-custodian-guard-squad,low_confidence_candidate,confirm_candidate_or_add_alias,,,,,Custodian Guard Squad,Adeptus Custodes,AC,2017-04,Plastic,Shared Multi-kit,,Adeptus Custodes,22,000000882,Custodian Guard,AC,0.8,datasheet,Custodian Guard,,,,,,,,,,,,,,,,,,
adeptus-custodes-2018-02-allarus-shield-captain,low_confidence_candidate,confirm_candidate_or_add_alias,,,,,Allarus Shield-Captain,Adeptus Custodes,AC,2018-02,,,,Adeptus Custodes,34,000001447,Shield-captain,AC,0.8,datasheet,Shield-captain,,,,,,,,,,,,,,,,,,
adeptus-custodes-2018-02-jetbike-shield-captain,low_confidence_candidate,confirm_candidate_or_add_alias,,,,,Jetbike Shield-Captain,Adeptus Custodes,AC,2018-02,,,,Adeptus Custodes,32,000001447,Shield-captain,AC,0.8,datasheet,Shield-captain,000001449,Shield-captain On Dawneagle Jetbike,AC,0.75,datasheet,Shield-captain On Dawneagle Jetbike,,,,,,,,,,,,
adeptus-custodes-2018-02-warden-shield-captain,low_confidence_candidate,confirm_candidate_or_add_alias,,,,,Warden Shield-Captain,Adeptus Custodes,AC,2018-02,,,,Adeptus Custodes,37,000001447,Shield-captain,AC,0.8,datasheet,Shield-captain,,,,,,,,,,,,,,,,,,
adeptus-mechanicus-2023-12-adeptus-mechanicus-sydonian-skatros,low_confidence_candidate,confirm_candidate_or_add_alias,,,,,Adeptus Mechanicus: Sydonian Skatros,Adeptus Mechanicus,AdM,2023-12,Plastic,Warhammer 40K: 10th Edition,,Adeptus Mechanicus,58,000003695,Sydonian Skatros,AdM,0.8,datasheet,Sydonian Skatros,,,,,,,,,,,,,,,,,,
astra-militarum-2009-09-colonel-iron-hand-straken,low_confidence_candidate,confirm_candidate_or_add_alias,,,,,Colonel Iron Hand Straken,Astra Militarum,AM,2009-09,Metal,,,Astra Militarum,44,000000713,‘Iron Hand’ Straken,AM,0.857,datasheet,‘Iron Hand’ Straken,,,,,,,,,,,,,,,,,,
astra-militarum-2010-06-leman-russ,low_confidence_candidate,confirm_candidate_or_add_alias,,,,,Leman Russ,Astra Militarum,AM,2010-06,,Shared chassis,,Astra Militarum,48,000000680,Leman Russ Commander,AM,0.8,datasheet,Leman Russ Commander,000000701,Leman Russ Demolisher,AM,0.8,datasheet,Leman Russ Demolisher,000002741,Leman Russ Eradicator,AM,0.8,datasheet,Leman Russ Eradicator,000002742,Leman Russ Executioner,AM,0.8,datasheet,Leman Russ Executioner
astra-militarum-2014-03-tempestus-command-squad,low_confidence_candidate,confirm_candidate_or_add_alias,,,,,Tempestus Command Squad,Astra Militarum,AM,2014-03,,,,Astra Militarum,55,000000719,Militarum Tempestus Command Squad,AM,0.857,datasheet,Militarum Tempestus Command Squad,000002103,Command Squad,SM,0.8,datasheet,Command Squad,,,,,,,,,,,,
astra-militarum-2023-01-armoured-sentinel-scout-sentinel,low_confidence_candidate,confirm_candidate_or_add_alias,,,,,Armoured Sentinel / Scout Sentinel,Astra Militarum,AM,2023-01,,,,Astra Militarum,77,000000690,Scout Sentinels,AM,0.8,datasheet,Scout Sentinels,000000691,Armoured Sentinels,AM,0.8,datasheet,Armoured Sentinels,000003988,Scout Sentinels,GC,0.8,datasheet,Scout Sentinels,000003960,Armoured Sentinels,GC,0.8,datasheet,Armoured Sentinels
astra-militarum-2025-01-artillery-team-with-heavy-mortar,low_confidence_candidate,confirm_candidate_or_add_alias,,,,,Artillery Team with Heavy Mortar,Astra Militarum,AM,2025-01,Plastic,,,Astra Militarum,95,000000745,Heavy Mortar Team,AM,0.857,datasheet,Heavy Mortar Team,000004009,Heavy Mortar Team,GC,0.857,datasheet,Heavy Mortar Team,,,,,,,,,,,,
astra-militarum-2025-01-death-korps-of-krieg-combat-engineers,low_confidence_candidate,confirm_candidate_or_add_alias,,,,,Death Korps of Krieg Combat Engineers,Astra Militarum,AM,2025-01,Plastic,,,Astra Militarum,91,000002613,Death Korps Of Krieg,AM,0.75,datasheet,Death Korps Of Krieg,000003893,Krieg Combat Engineers,AM,0.75,datasheet,Krieg Combat Engineers,000003950,Death Korps Of Krieg,GC,0.75,datasheet,Death Korps Of Krieg,000003977,Krieg Combat Engineers,GC,0.75,datasheet,Krieg Combat Engineers
astra-militarum-2025-01-death-korps-of-krieg-heavy-weapons-squad,low_confidence_candidate,confirm_candidate_or_add_alias,,,,,Death Korps of Krieg Heavy Weapons Squad,Astra Militarum,AM,2025-01,Plastic,,,Astra Militarum,93,000003895,Krieg Heavy Weapons Squad,AM,0.8,datasheet,Krieg Heavy Weapons Squad,000003978,Krieg Heavy Weapons Squad,GC,0.8,datasheet,Krieg Heavy Weapons Squad,,,,,,,,,,,,
blood-angels-2010-04-death-company,low_confidence_candidate,confirm_candidate_or_add_alias,,,,,Death Company,Blood Angels,SM,2010-04,Plastic,,,Blood Angels,18,000000166,Death Company Dreadnought,SM,0.8,datasheet,Death Company Dreadnought,000003835,Death Company Dreadnought with Magna-grapple,SM,0.8,composition,Death Company Dreadnought,000001997,Death Company Marines,SM,0.8,datasheet,Death Company Marines,000002285,Death Company Marines with Bolt Rifles,SM,0.8,statline,Death Company Marines
blood-angels-2014-12-blood-angels-librarian-in-terminator-armour,low_confidence_candidate,confirm_candidate_or_add_alias,,,,,Blood Angels Librarian in Terminator Armour,Blood Angels,SM,2014-12,Plastic,,,Blood Angels,35,000000079,Librarian In Terminator Armour,SM,0.8,datasheet,Librarian In Terminator Armour,,,,,,,,,,,,,,,,,,
blood-angels-2014-12-blood-angels-terminator-assault-squad,low_confidence_candidate,confirm_candidate_or_add_alias,,,,,Blood Angels Terminator Assault Squad,Blood Angels,SM,2014-12,Plastic,,,Blood Angels,34,000000118,Terminator Assault Squad,SM,0.75,datasheet,Terminator Assault Squad,,,,,,,,,,,,,,,,,,
blood-angels-2015-11-blood-angels-captain-in-terminator-armour,low_confidence_candidate,confirm_candidate_or_add_alias,,,,,Blood Angels Captain in Terminator Armour,Blood Angels,SM,2015-11,Plastic,,,Blood Angels,38,000000135,Captain In Terminator Armour,SM,0.8,datasheet,Captain In Terminator Armour,,,,,,,,,,,,,,,,,,
blood-angels-2015-11-blood-angels-chaplain-with-jump-pack,low_confidence_candidate,confirm_candidate_or_add_alias,,,,,Blood Angels Chaplain with Jump Pack,Blood Angels,SM,2015-11,Plastic,,,Blood Angels,37,000000112,Chaplain With Jump Pack,SM,0.75,datasheet,Chaplain With Jump Pack,,,,,,,,,,,,,,,,,,
chaos-knights-2018-06-war-dog-helverin,low_confidence_candidate,confirm_candidate_or_add_alias,,,,,War Dog (Helverin),Chaos Knights,QT,2018-06,Plastic,,,Chaos Knights,24,000001663,War Dog Moirax,QT,0.8,datasheet,War Dog Moirax,000002562,War Dog Executioner,QT,0.8,datasheet,War Dog Executioner,000002563,War Dog Stalker,QT,0.8,datasheet,War Dog Stalker,000002564,War Dog Karnivore,QT,0.8,datasheet,War Dog Karnivore
chaos-knights-2018-06-war-dog-warglaives,low_confidence_candidate,confirm_candidate_or_add_alias,,,,,War Dog (Warglaives),Chaos Knights,QT,2018-06,Plastic,,,Chaos Knights,25,000001663,War Dog Moirax,QT,0.8,datasheet,War Dog Moirax,000002562,War Dog Executioner,QT,0.8,datasheet,War Dog Executioner,000002563,War Dog Stalker,QT,0.8,datasheet,War Dog Stalker,000002564,War Dog Karnivore,QT,0.8,datasheet,War Dog Karnivore
chaos-space-marines-2017-10-plague-marine-champion,low_confidence_candidate,confirm_candidate_or_add_alias,,,,,Plague Marine Champion,Chaos Space Marines,CSM,2017-10,Plastic,,,Chaos Space Marines,58,000003584,Plague Marines,CSM,0.8,datasheet,Plague Marines,000001044,Plague Marines,DG,0.8,datasheet,Plague Marines,,,,,,,,,,,,
chaos-space-marines-2018-08-plague-marine-reinforcements,low_confidence_candidate,confirm_candidate_or_add_alias,,,,,Plague Marine Reinforcements,Chaos Space Marines,CSM,2018-08,Plastic,,,Chaos Space Marines,60,000003584,Plague Marines,CSM,0.8,datasheet,Plague Marines,000001044,Plague Marines,DG,0.8,datasheet,Plague Marines,,,,,,,,,,,,
craftworlds-2006-07-guardian-heavy-weapon-platform,low_confidence_candidate,confirm_candidate_or_add_alias,,,,,Guardian Heavy Weapon Platform,Craftworlds,AE,2006-07,Plastic,For the Guardian Squad - Sold as bundle since 2007-04,,Craftworlds,32,000000589,Guardian Defenders,AE,0.857,composition,Heavy Weapon Platform,,,,,,,,,,,,,,,,,,
death-guard-2017-06-plague-marine-champion,low_confidence_candidate,confirm_candidate_or_add_alias,,,,,Plague Marine Champion,Death Guard,DG,2017-06,,,,Death Guard,34,000001044,Plague Marines,DG,0.8,datasheet,Plague Marines,000003584,Plague Marines,CSM,0.8,datasheet,Plague Marines,,,,,,,,,,,,
death-guard-2017-10-plague-marine-champion,low_confidence_candidate,confirm_candidate_or_add_alias,,,,,Plague Marine Champion,Death Guard,DG,2017-10,Plastic,,,Death Guard,44,000001044,Plague Marines,DG,0.8,datasheet,Plague Marines,000003584,Plague Marines,CSM,0.8,datasheet,Plague Marines,,,,,,,,,,,,
death-guard-2018-01-plague-marine-reinforcements,low_confidence_candidate,confirm_candidate_or_add_alias,,,,,Plague Marine Reinforcements,Death Guard,DG,2018-01,Plastic,,,Death Guard,55,000001044,Plague Marines,DG,0.8,datasheet,Plague Marines,000003584,Plague Marines,CSM,0.8,datasheet,Plague Marines,,,,,,,,,,,,
genestealer-cult-2010-06-leman-russ,low_confidence_candidate,confirm_candidate_or_add_alias,,,,,Leman Russ,Genestealer Cult,GC,2010-06,Plastic,,,Genestealer Cult,16,000003942,Leman Russ Commander,GC,0.8,datasheet,Leman Russ Commander,000003980,Leman Russ Demolisher,GC,0.8,datasheet,Leman Russ Demolisher,000003981,Leman Russ Eradicator,GC,0.8,datasheet,Leman Russ Eradicator,000003982,Leman Russ Executioner,GC,0.8,datasheet,Leman Russ Executioner
imperial-knights-2018-03-forgebane-armiger-warglaives,low_confidence_candidate,confirm_candidate_or_add_alias,,,,,Forgebane: Armiger Warglaives,Imperial Knights,QI,2018-03,Plastic,,,Imperial Knights,27,000001482,Armiger Warglaive,QI,0.8,datasheet,Armiger Warglaive,,,,,,,,,,,,,,,,,,
inquisition-2023-07-adeptus-arbites-exaction-squad,low_confidence_candidate,confirm_candidate_or_add_alias,,,,,Adeptus Arbites Exaction Squad,Inquisition,AoI,2023-07,Plastic,,,Inquisition,36,000002685,Exaction Squad,AoI,0.8,datasheet,Exaction Squad,,,,,,,,,,,,,,,,,,
inquisition-2024-01-ostromandeus-and-stentor-i-52,low_confidence_candidate,confirm_candidate_or_add_alias,,,,,Ostromandeus and Stentor-I-52,Inquisition,AoI,2024-01,Plastic,Warhammer+ exclusive,,Inquisition,40,000004173,Inquisitor Ostromandeus,AoI,0.857,statline,STENTOR-I-52,,,,,,,,,,,,,,,,,,
necrons-2020-10-szarekh-the-silent-king,low_confidence_candidate,confirm_candidate_or_add_alias,,,,,"Szarekh, The Silent King",Necrons,NEC,2020-10,Plastic,,,Necrons,69,000002360,The Silent King,NEC,0.8,datasheet,The Silent King,,,,,,,,,,,,,,,,,,
necrons-2023-12-necrons-imotekh-the-stormlord,low_confidence_candidate,confirm_candidate_or_add_alias,,,,,Necrons: Imotekh the Stormlord,Necrons,NEC,2023-12,Plastic,,,Necrons,83,000000522,Imotekh The Stormlord,NEC,0.8,datasheet,Imotekh The Stormlord,,,,,,,,,,,,,,,,,,
necrons-2023-12-necrons-orikan-the-diviner,low_confidence_candidate,confirm_candidate_or_add_alias,,,,,Necrons: Orikan the Diviner,Necrons,NEC,2023-12,Plastic,,,Necrons,81,000000530,Orikan The Diviner,NEC,0.8,datasheet,Orikan The Diviner,,,,,,,,,,,,,,,,,,
necrons-2023-12-necrons-overlord-with-translocation-shroud,low_confidence_candidate,confirm_candidate_or_add_alias,,,,,Necrons: Overlord with Translocation Shroud,Necrons,NEC,2023-12,Plastic,,,Necrons,82,000003693,Overlord with translocation shroud,NEC,0.857,datasheet,Overlord with translocation shroud,,,,,,,,,,,,,,,,,,
orks-2014-06-big-mek-with-shock-attack-gun,low_confidence_candidate,confirm_candidate_or_add_alias,,,,,Big Mek with Shock Attack Gun,Orks,ORK,2014-06,Plastic,,,Orks,49,000001536,Big Mek With Shokk Attack Gun,ORK,0.8,datasheet,Big Mek With Shokk Attack Gun,,,,,,,,,,,,,,,,,,
orks-2023-11-da-red-gobbo-s-nemesis,low_confidence_candidate,confirm_candidate_or_add_alias,,,,,Da Red Gobbo's Nemesis,Orks,ORK,2023-11,Plastic,Christmas 2023 commemorative,,Orks,89,000004181,Da Red Gobbo’s Tinboy,ORK,0.8,datasheet,Da Red Gobbo’s Tinboy,000001993,Da Red Gobbo,ORK,0.75,datasheet,Da Red Gobbo,,,,,,,,,,,,
orks-2023-11-da-red-gobbo-s-surprise,low_confidence_candidate,confirm_candidate_or_add_alias,,,,,Da Red Gobbo's Surprise,Orks,ORK,2023-11,Plastic,Christmas 2023 commemorative,,Orks,88,000004181,Da Red Gobbo’s Tinboy,ORK,0.8,datasheet,Da Red Gobbo’s Tinboy,000001993,Da Red Gobbo,ORK,0.75,datasheet,Da Red Gobbo,,,,,,,,,,,,
orks-2025-10-da-red-gobbo-with-robotic-contraption,low_confidence_candidate,confirm_candidate_or_add_alias,,,,,Da Red Gobbo with Robotic Contraption,Orks,ORK,2025-10,Plastic,Christmas 2025 commemorative,,Orks,93,000001993,Da Red Gobbo,ORK,0.75,datasheet,Da Red Gobbo,,,,,,,,,,,,,,,,,,
space-marines-2006-06-scouts-with-sniper-rifles,low_confidence_candidate,confirm_candidate_or_add_alias,,,,,Scouts with Sniper Rifles,Space Marines,SM,2006-06,Plastic,,,Space Marines,34,000001523,Scout Sniper Squad,SM,0.8,composition,Scout Snipers,,,,,,,,,,,,,,,,,,
space-marines-2015-11-contemptor-dreadnought,low_confidence_candidate,confirm_candidate_or_add_alias,,,,,Contemptor Dreadnought,Space Marines,SM,2015-11,,,,Space Marines,72,000002717,Redemptor Dreadnought,SM,0.837,datasheet,Redemptor Dreadnought,000002719,Relic Contemptor Dreadnought,SM,0.8,datasheet,Relic Contemptor Dreadnought,000000883,Venerable Contemptor Dreadnought,AC,0.8,datasheet,Venerable Contemptor Dreadnought,000001458,Contemptor-achillus Dreadnought,AC,0.8,datasheet,Contemptor-achillus Dreadnought
space-marines-2021-02-captain-uriel-ventris,low_confidence_candidate,confirm_candidate_or_add_alias,,,,,Captain Uriel Ventris,Space Marines,SM,2021-02,Plastic,Ultra Marines,,Space Marines,137,000000121,Uriel Ventris,SM,0.8,datasheet,Uriel Ventris,,,,,,,,,,,,,,,,,,
space-marines-2023-10-jump-pack-intercessors,low_confidence_candidate,confirm_candidate_or_add_alias,,,,,Jump Pack Intercessors,Space Marines,SM,2023-10,Plastic,,,Space Marines,155,000002776,Assault Intercessors With Jump Packs,SM,0.857,datasheet,Assault Intercessors With Jump Packs,,,,,,,,,,,,,,,,,,
tau-empire-2006-05-tx78-sky-ray-gunship,low_confidence_candidate,confirm_candidate_or_add_alias,,,,,TX78 Sky Ray Gunship,Tau Empire,TAU,2006-05,Plastic,Alternate turret  option,,Tau Empire,24,000000430,Sky Ray Gunship,TAU,0.857,datasheet,Sky Ray Gunship,,,,,,,,,,,,,,,,,,
tau-empire-2013-04-razorshark-fighter,low_confidence_candidate,confirm_candidate_or_add_alias,,,,,Razorshark Fighter,Tau Empire,TAU,2013-04,,,,Tau Empire,33,000000425,Razorshark Strike Fighter,TAU,0.8,datasheet,Razorshark Strike Fighter,,,,,,,,,,,,,,,,,,
tau-empire-2013-04-xv104-riptide-battlesuit,low_confidence_candidate,confirm_candidate_or_add_alias,,,,,XV104 Riptide Battlesuit,Tau Empire,TAU,2013-04,Plastic,,,Tau Empire,31,000000421,Riptide Battlesuit,TAU,0.8,datasheet,Riptide Battlesuit,,,,,,,,,,,,,,,,,,
tau-empire-2013-04-xv88-broadside-battlesuit,low_confidence_candidate,confirm_candidate_or_add_alias,,,,,XV88 Broadside Battlesuit,Tau Empire,TAU,2013-04,Plastic,,,Tau Empire,37,000000433,Broadside Battlesuits,TAU,0.8,datasheet,Broadside Battlesuits,,,,,,,,,,,,,,,,,,
tau-empire-2015-10-fire-warriors-breacher-team,low_confidence_candidate,confirm_candidate_or_add_alias,,,,,Fire Warriors Breacher Team,Tau Empire,TAU,2015-10,,,,Tau Empire,46,000000412,Breacher Team,TAU,0.857,composition,Breacher Fire Warriors,,,,,,,,,,,,,,,,,,
tau-empire-2015-10-xv8-crisis-battlesuits,low_confidence_candidate,confirm_candidate_or_add_alias,,,,,XV8 Crisis Battlesuits,Tau Empire,TAU,2015-10,Plastic,,,Tau Empire,47,000000418,Crisis Battlesuits,TAU,0.8,datasheet,Crisis Battlesuits,000003700,Crisis Fireknife Battlesuits,TAU,0.8,statline,Crisis Battlesuits,000003701,Crisis Starscythe Battlesuits,TAU,0.8,statline,Crisis Battlesuits,,,,,,
tau-empire-2015-10-xv95-ghostkeel-battlesuit,low_confidence_candidate,confirm_candidate_or_add_alias,,,,,XV95 Ghostkeel Battlesuit,Tau Empire,TAU,2015-10,Plastic,,,Tau Empire,44,000000420,Ghostkeel Battlesuit,TAU,0.8,datasheet,Ghostkeel Battlesuit,,,,,,,,,,,,,,,,,,
tau-empire-2023-06-flesh-shaper,low_confidence_candidate,confirm_candidate_or_add_alias,,,,,Flesh Shaper,Tau Empire,TAU,2023-06,Plastic,,,Tau Empire,68,000003704,Kroot Flesh Shaper,TAU,0.8,datasheet,Kroot Flesh Shaper,,,,,,,,,,,,,,,,,,
tau-empire-2023-06-veteran-kroot-war-shaper,low_confidence_candidate,confirm_candidate_or_add_alias,,,,,Veteran Kroot War Shaper,Tau Empire,TAU,2023-06,Plastic,,,Tau Empire,67,000003703,Kroot War Shaper,TAU,0.857,datasheet,Kroot War Shaper,,,,,,,,,,,,,,,,,,
tyranids-2005-07-screamer-killer-brood,low_confidence_candidate,confirm_candidate_or_add_alias,,,,,Screamer-killer Brood,Tyranids,TYR,2005-07,Plastic,,,Tyranids,17,000002690,Screamer-killer,TYR,0.8,datasheet,Screamer-killer,,,,,,,,,,,,,,,,,,
tyranids-2014-11-sporocyst-and-mucolid-spore,low_confidence_candidate,confirm_candidate_or_add_alias,,,,,Sporocyst and Mucolid Spore,Tyranids,TYR,2014-11,,,,Tyranids,47,000000487,Mucolid Spores,TYR,0.8,datasheet,Mucolid Spores,,,,,,,,,,,,,,,,,,
tyranids-2023-09-norn-assimilator-norn-emissary,low_confidence_candidate,confirm_candidate_or_add_alias,,,,,Norn Assimilator / Norn Emissary,Tyranids,TYR,2023-09,Plastic,,,Tyranids,71,000002751,Norn Emissary,TYR,0.8,datasheet,Norn Emissary,000002752,Norn Assimilator,TYR,0.8,datasheet,Norn Assimilator,,,,,,,,,,,,
adepta-sororitas-2020-01-celestians-and-dominions,no_datasheet_candidate,add_alias_or_mark_no_current_datasheet,,,,,Celestians and Dominions,Adepta Sororitas,AS,2020-01,,,,Adepta Sororitas,29,,,,,,,,,,,,,,,,,,,,,,,,
adepta-sororitas-2020-06-daemonifuge-ephrael-stern-kyganil,no_datasheet_candidate,add_alias_or_mark_no_current_datasheet,,,,,Daemonifuge – Ephrael Stern & Kyganil,Adepta Sororitas,AS,2020-06,Plastic,,,Adepta Sororitas,46,,,,,,,,,,,,,,,,,,,,,,,,
adepta-sororitas-2021-06-morvenn-vahl-abbess-sanctorum-of-the-adepta-sororitas,no_datasheet_candidate,add_alias_or_mark_no_current_datasheet,,,,,"Morvenn Vahl, Abbess Sanctorum of the Adepta Sororitas",Adepta Sororitas,AS,2021-06,Plastic,,,Adepta Sororitas,50,,,,,,,,,,,,,,,,,,,,,,,,
adepta-sororitas-2021-06-sister-dogmata,no_datasheet_candidate,add_alias_or_mark_no_current_datasheet,,,,,Sister Dogmata,Adepta Sororitas,AS,2021-06,Plastic,,,Adepta Sororitas,52,,,,,,,,,,,,,,,,,,,,,,,,
adepta-sororitas-2021-08-aestred-thurga-reliquant-at-arms,no_datasheet_candidate,add_alias_or_mark_no_current_datasheet,,,,,"Aestred Thurga, Reliquant at Arms",Adepta Sororitas,AS,2021-08,Plastic,,,Adepta Sororitas,54,,,,,,,,,,,,,,,,,,,,,,,,
adeptus-custodes-2017-04-sisters-of-silence-prosecutors,no_datasheet_candidate,add_alias_or_mark_no_current_datasheet,,,,,Sisters of Silence: Prosecutors,Adeptus Custodes,AC,2017-04,Plastic,Shared Multi-kit,,Adeptus Custodes,25,,,,,,,,,,,,,,,,,,,,,,,,
adeptus-custodes-2017-04-sisters-of-silence-vigilators,no_datasheet_candidate,add_alias_or_mark_no_current_datasheet,,,,,Sisters of Silence: Vigilators,Adeptus Custodes,AC,2017-04,,,,Adeptus Custodes,26,,,,,,,,,,,,,,,,,,,,,,,,
adeptus-custodes-2017-04-sisters-of-silence-witchseekers,no_datasheet_candidate,add_alias_or_mark_no_current_datasheet,,,,,Sisters of Silence: Witchseekers,Adeptus Custodes,AC,2017-04,,,,Adeptus Custodes,27,,,,,,,,,,,,,,,,,,,,,,,,
adeptus-custodes-2017-04-vexilus-praetor,no_datasheet_candidate,add_alias_or_mark_no_current_datasheet,,,,,Vexilus Praetor,Adeptus Custodes,AC,2017-04,,,,Adeptus Custodes,23,,,,,,,,,,,,,,,,,,,,,,,,
adeptus-custodes-2018-02-allarus-vexilus-praetor,no_datasheet_candidate,add_alias_or_mark_no_current_datasheet,,,,,Allarus Vexilus Praetor,Adeptus Custodes,AC,2018-02,,,,Adeptus Custodes,35,,,,,,,,,,,,,,,,,,,,,,,,
adeptus-custodes-2018-02-captain-general-trajan-valoris,no_datasheet_candidate,add_alias_or_mark_no_current_datasheet,,,,,Captain-General Trajan Valoris,Adeptus Custodes,AC,2018-02,Plastic,,,Adeptus Custodes,30,,,,,,,,,,,,,,,,,,,,,,,,
adeptus-custodes-2018-02-warden-vexilus-praetor,no_datasheet_candidate,add_alias_or_mark_no_current_datasheet,,,,,Warden Vexilus Praetor,Adeptus Custodes,AC,2018-02,,,,Adeptus Custodes,38,,,,,,,,,,,,,,,,,,,,,,,,
adeptus-custodes-2020-02-valerian-and-aleya,no_datasheet_candidate,add_alias_or_mark_no_current_datasheet,,,,,Valerian and Aleya,Adeptus Custodes,AC,2020-02,Plastic,,,Adeptus Custodes,39,,,,,,,,,,,,,,,,,,,,,,,,
adeptus-mechanicus-2015-05-kastelan-robots-cybernetica-datasmith,no_datasheet_candidate,add_alias_or_mark_no_current_datasheet,,,,,Kastelan Robots & Cybernetica Datasmith,Adeptus Mechanicus,AdM,2015-05,Plastic,,,Adeptus Mechanicus,31,,,,,,,,,,,,,,,,,,,,,,,,
adeptus-mechanicus-2026-02-archmagos-terminus,no_datasheet_candidate,add_alias_or_mark_no_current_datasheet,,,,,Archmagos Terminus,Adeptus Mechanicus,AdM,2026-02,Plastic,,,Adeptus Mechanicus,60,,,,,,,,,,,,,,,,,,,,,,,,
adeptus-mechanicus-2026-02-skitarii-heavy-infantry,no_datasheet_candidate,add_alias_or_mark_no_current_datasheet,,,,,Skitarii Heavy Infantry,Adeptus Mechanicus,AdM,2026-02,Plastic,,,Adeptus Mechanicus,61,,,,,,,,,,,,,,,,,,,,,,,,
astra-militarum-2007-10-commissar-with-power-fist,no_datasheet_candidate,add_alias_or_mark_no_current_datasheet,,,,,Commissar with Power Fist,Astra Militarum,AM,2007-10,Metal,,,Astra Militarum,24,,,,,,,,,,,,,,,,,,,,,,,,
astra-militarum-2008-07-cadians-5-models,no_datasheet_candidate,add_alias_or_mark_no_current_datasheet,,,,,Cadians (5 Models),Astra Militarum,AM,2008-07,Plastic,,,Astra Militarum,27,,,,,,,,,,,,,,,,,,,,,,,,
astra-militarum-2009-05-regimental-advisors,no_datasheet_candidate,add_alias_or_mark_no_current_datasheet,,,,,Regimental Advisors,Astra Militarum,AM,2009-05,Metal,,,Astra Militarum,39,,,,,,,,,,,,,,,,,,,,,,,,
astra-militarum-2009-05-sentinel,no_datasheet_candidate,add_alias_or_mark_no_current_datasheet,,,,,Sentinel,Astra Militarum,AM,2009-05,Plastic,"Shared Multi-kit, cockpit from 2003-11?",,Astra Militarum,40,,,,,,,,,,,,,,,,,,,,,,,,
astra-militarum-2010-06-knight-commander-pask,no_datasheet_candidate,add_alias_or_mark_no_current_datasheet,,,,,Knight Commander Pask,Astra Militarum,AM,2010-06,Metal,,,Astra Militarum,51,,,,,,,,,,,,,,,,,,,,,,,,
astra-militarum-2014-04-prefectus-commissar,no_datasheet_candidate,add_alias_or_mark_no_current_datasheet,,,,,Prefectus Commissar,Astra Militarum,AM,2014-04,Plastic,,,Astra Militarum,62,,,,,,,,,,,,,,,,,,,,,,,,
astra-militarum-2024-10-ratlings-snipers,no_datasheet_candidate,add_alias_or_mark_no_current_datasheet,,,,,Ratlings Snipers,Astra Militarum,AM,2024-10,Plastic,Warhammer Day commemorative,,Astra Militarum,88,,,,,,,,,,,,,,,,,,,,,,,,
astra-militarum-2025-01-artillery-team-with-multiple-rocket-launcher,no_datasheet_candidate,add_alias_or_mark_no_current_datasheet,,,,,Artillery Team with Multiple Rocket Launcher,Astra Militarum,AM,2025-01,Plastic,,,Astra Militarum,96,,,,,,,,,,,,,,,,,,,,,,,,
astra-militarum-2025-01-artillery-team-with-siege-cannon,no_datasheet_candidate,add_alias_or_mark_no_current_datasheet,,,,,Artillery Team with Siege Cannon,Astra Militarum,AM,2025-01,Plastic,,,Astra Militarum,94,,,,,,,,,,,,,,,,,,,,,,,,
astra-militarum-2025-01-cadian-101st,no_datasheet_candidate,add_alias_or_mark_no_current_datasheet,,,,,Cadian 101st,Astra Militarum,AM,2025-01,Plastic,Minka Lesk,,Astra Militarum,98,,,,,,,,,,,,,,,,,,,,,,,,
astra-militarum-2025-01-varnan-dreir,no_datasheet_candidate,add_alias_or_mark_no_current_datasheet,,,,,Varnan Dreir,Astra Militarum,AM,2025-01,Plastic,,,Astra Militarum,89,,,,,,,,,,,,,,,,,,,,,,,,
astra-militarum-2026-01-commissar-cain-and-jurgen,no_datasheet_candidate,add_alias_or_mark_no_current_datasheet,,,,,Commissar Cain and Jurgen,Astra Militarum,AM,2026-01,Plastic,,,Astra Militarum,105,,,,,,,,,,,,,,,,,,,,,,,,
astra-militarum-2026-01-spectre-squad,no_datasheet_candidate,add_alias_or_mark_no_current_datasheet,,,,,Spectre Squad,Astra Militarum,AM,2026-01,Plastic,,,Astra Militarum,104,,,,,,,,,,,,,,,,,,,,,,,,
astra-militarum-2026-01-thenia-graves,no_datasheet_candidate,add_alias_or_mark_no_current_datasheet,,,,,Thenia Graves,Astra Militarum,AM,2026-01,Plastic,,,Astra Militarum,103,,,,,,,,,,,,,,,,,,,,,,,,
blood-angels-2014-12-blood-angels-tactical-squad,no_datasheet_candidate,add_alias_or_mark_no_current_datasheet,,,,,Blood Angels Tactical Squad,Blood Angels,SM,2014-12,Plastic,Discontinued,,Blood Angels,32,,,,,,,,,,,,,,,,,,,,,,,,
blood-angels-2017-12-lieutenant-tolmeron,no_datasheet_candidate,add_alias_or_mark_no_current_datasheet,,,,,Lieutenant Tolmeron,Blood Angels,SM,2017-12,Plastic,,,Blood Angels,41,,,,,,,,,,,,,,,,,,,,,,,,
blood-angels-2019-11-mephiston,no_datasheet_candidate,add_alias_or_mark_no_current_datasheet,,,,,Mephiston,Blood Angels,SM,2019-11,Plastic,,,Blood Angels,43,,,,,,,,,,,,,,,,,,,,,,,,
chaos-daemons-2010-08-daemons-of-khorne-bloodcrushers,no_datasheet_candidate,add_alias_or_mark_no_current_datasheet,,,,,Daemons of Khorne Bloodcrushers,Chaos Daemons,CD,2010-08,Plastic,,,Chaos Daemons,21,,,,,,,,,,,,,,,,,,,,,,,,
chaos-daemons-2013-03-blood-throne-of-khorne,no_datasheet_candidate,add_alias_or_mark_no_current_datasheet,,,,,Blood Throne of Khorne,Chaos Daemons,CD,2013-03,Plastic,Shared Multi-kit,,Chaos Daemons,34,,,,,,,,,,,,,,,,,,,,,,,,
chaos-daemons-2013-03-fateskimmer-herald-on-burning-chariot,no_datasheet_candidate,add_alias_or_mark_no_current_datasheet,,,,,"Fateskimmer, Herald on Burning Chariot",Chaos Daemons,CD,2013-03,,,,Chaos Daemons,32,,,,,,,,,,,,,,,,,,,,,,,,
chaos-daemons-2017-02-horrors-of-tzeentch,no_datasheet_candidate,add_alias_or_mark_no_current_datasheet,,,,,Horrors of Tzeentch,Chaos Daemons,CD,2017-02,Plastic,,,Chaos Daemons,43,,,,,,,,,,,,,,,,,,,,,,,,
chaos-daemons-2018-12-karanak-the-hound-of-vengeance,no_datasheet_candidate,add_alias_or_mark_no_current_datasheet,,,,,"Karanak, The Hound of Vengeance",Chaos Daemons,CD,2018-12,Plastic,,,Chaos Daemons,55,,,,,,,,,,,,,,,,,,,,,,,,
chaos-daemons-2019-03-bloodmaster-herald-of-khorne,no_datasheet_candidate,add_alias_or_mark_no_current_datasheet,,,,,"Bloodmaster, Herald of Khorne",Chaos Daemons,CD,2019-03,Plastic,,,Chaos Daemons,60,,,,,,,,,,,,,,,,,,,,,,,,
chaos-daemons-2019-05-syll-esske-the-vengeful-allegiance,no_datasheet_candidate,add_alias_or_mark_no_current_datasheet,,,,,Syll'Esske: The Vengeful Allegiance,Chaos Daemons,CD,2019-05,Plastic,,,Chaos Daemons,61,,,,,,,,,,,,,,,,,,,,,,,,
chaos-daemons-2021-04-be-lakor-the-dark-master,no_datasheet_candidate,add_alias_or_mark_no_current_datasheet,,,,,"Be'lakor, the Dark Master",Chaos Daemons,CD,2021-04,Plastic,,,Chaos Daemons,68,,,,,,,,,,,,,,,,,,,,,,,,
chaos-space-marines-2007-03-fallen,no_datasheet_candidate,add_alias_or_mark_no_current_datasheet,,,,,Fallen,Chaos Space Marines,CSM,2007-03,Plastic,Dark Angels Company Veterans,,Chaos Space Marines,24,,,,,,,,,,,,,,,,,,,,,,,,
chaos-space-marines-2007-09-terminator-lord,no_datasheet_candidate,add_alias_or_mark_no_current_datasheet,,,,,Terminator Lord,Chaos Space Marines,CSM,2007-09,Plastic,Shared Multi-kit,,Chaos Space Marines,26,,,,,,,,,,,,,,,,,,,,,,,,
chaos-space-marines-2017-07-easy-to-build-plague-marines,no_datasheet_candidate,add_alias_or_mark_no_current_datasheet,,,,,Easy to Build: Plague Marines,Chaos Space Marines,CSM,2017-07,Plastic,Discontinued,,Chaos Space Marines,55,,,,,,,,,,,,,,,,,,,,,,,,
chaos-space-marines-2017-07-easy-to-build-poxwalkers,no_datasheet_candidate,add_alias_or_mark_no_current_datasheet,,,,,Easy to Build: Poxwalkers,Chaos Space Marines,CSM,2017-07,Plastic,,,Chaos Space Marines,56,,,,,,,,,,,,,,,,,,,,,,,,
chaos-space-marines-2019-03-chaos-space-marines,no_datasheet_candidate,add_alias_or_mark_no_current_datasheet,,,,,Chaos Space Marines,Chaos Space Marines,CSM,2019-03,Plastic,,,Chaos Space Marines,65,,,,,,,,,,,,,,,,,,,,,,,,
chaos-space-marines-2019-04-arch-lord-discordant,no_datasheet_candidate,add_alias_or_mark_no_current_datasheet,,,,,Arch-Lord Discordant,Chaos Space Marines,CSM,2019-04,Plastic,,,Chaos Space Marines,68,,,,,,,,,,,,,,,,,,,,,,,,
chaos-space-marines-2019-04-chaos-space-marine-havocs,no_datasheet_candidate,add_alias_or_mark_no_current_datasheet,,,,,Chaos Space Marine Havocs,Chaos Space Marines,CSM,2019-04,Plastic,,,Chaos Space Marines,66,,,,,,,,,,,,,,,,,,,,,,,,
chaos-space-marines-2019-11-chaos-sorcerer,no_datasheet_candidate,add_alias_or_mark_no_current_datasheet,,,,,Chaos Sorcerer,Chaos Space Marines,CSM,2019-11,Plastic,,,Chaos Space Marines,71,,,,,,,,,,,,,,,,,,,,,,,,
craftworlds-2010-06-support-weapon,no_datasheet_candidate,add_alias_or_mark_no_current_datasheet,,,,,Support Weapon,Craftworlds,AE,2010-06,Plastic,,,Craftworlds,45,,,,,,,,,,,,,,,,,,,,,,,,
craftworlds-2022-03-guardians,no_datasheet_candidate,add_alias_or_mark_no_current_datasheet,,,,,Guardians,Craftworlds,AE,2022-03,Plastic,Shared Multi-kit,,Craftworlds,77,,,,,,,,,,,,,,,,,,,,,,,,
craftworlds-2026-01-yriel,no_datasheet_candidate,add_alias_or_mark_no_current_datasheet,,,,,Yriel,Craftworlds,AE,2026-01,Plastic,,,Craftworlds,92,,,,,,,,,,,,,,,,,,,,,,,,
dark-angels-2007-03-dark-angels-company-veterans-squad,no_datasheet_candidate,add_alias_or_mark_no_current_datasheet,,,,,Dark Angels Company Veterans Squad,Dark Angels,SM,2007-03,Plastic,,,Dark Angels,18,,,,,,,,,,,,,,,,,,,,,,,,
dark-angels-2007-03-ezekiel-banner-sculpt-update,no_datasheet_candidate,add_alias_or_mark_no_current_datasheet,,,,,"Ezekiel, banner sculpt update",Dark Angels,SM,2007-03,Metal,Banner,,Dark Angels,15,,,,,,,,,,,,,,,,,,,,,,,,
dark-angels-2007-03-ravenwing-bike-squadron,no_datasheet_candidate,add_alias_or_mark_no_current_datasheet,,,,,Ravenwing Bike Squadron,Dark Angels,SM,2007-03,Plastic,,,Dark Angels,19,,,,,,,,,,,,,,,,,,,,,,,,
dark-angels-2015-06-dark-angels-interrogator-chaplain,no_datasheet_candidate,add_alias_or_mark_no_current_datasheet,,,,,Dark Angels Interrogator-Chaplain,Dark Angels,SM,2015-06,Plastic,,,Dark Angels,40,,,,,,,,,,,,,,,,,,,,,,,,
dark-angels-2017-12-primaris-lieutenant-zakariah,no_datasheet_candidate,add_alias_or_mark_no_current_datasheet,,,,,Primaris Lieutenant Zakariah,Dark Angels,SM,2017-12,Plastic,,,Dark Angels,43,,,,,,,,,,,,,,,,,,,,,,,,
dark-angels-2020-01-master-lazarus,no_datasheet_candidate,add_alias_or_mark_no_current_datasheet,,,,,Master Lazarus,Dark Angels,SM,2020-01,Plastic,,,Dark Angels,45,,,,,,,,,,,,,,,,,,,,,,,,
dark-angels-2024-02-asmodai-master-of-repentance,no_datasheet_candidate,add_alias_or_mark_no_current_datasheet,,,,,"Asmodai, Master of Repentance",Dark Angels,SM,2024-02,Plastic,,,Dark Angels,55,,,,,,,,,,,,,,,,,,,,,,,,
dark-angels-2024-02-azrael-supreme-grand-master,no_datasheet_candidate,add_alias_or_mark_no_current_datasheet,,,,,"Azrael, Supreme Grand Master",Dark Angels,SM,2024-02,Plastic,,,Dark Angels,51,,,,,,,,,,,,,,,,,,,,,,,,
dark-angels-2024-02-belial-grand-master-of-the-deathwing,no_datasheet_candidate,add_alias_or_mark_no_current_datasheet,,,,,"Belial, Grand Master of the Deathwing",Dark Angels,SM,2024-02,Plastic,,,Dark Angels,54,,,,,,,,,,,,,,,,,,,,,,,,
death-guard-2017-07-easy-to-build-plague-marines,no_datasheet_candidate,add_alias_or_mark_no_current_datasheet,,,,,Easy to Build: Plague Marines,Death Guard,DG,2017-07,Plastic,Discontinued,,Death Guard,38,,,,,,,,,,,,,,,,,,,,,,,,
death-guard-2017-07-easy-to-build-poxwalkers,no_datasheet_candidate,add_alias_or_mark_no_current_datasheet,,,,,Easy to Build: Poxwalkers,Death Guard,DG,2017-07,Plastic,Discontinued,,Death Guard,39,,,,,,,,,,,,,,,,,,,,,,,,
death-guard-2017-10-deathshroud-bodyguard,no_datasheet_candidate,add_alias_or_mark_no_current_datasheet,,,,,Deathshroud Bodyguard,Death Guard,DG,2017-10,Plastic,,,Death Guard,41,,,,,,,,,,,,,,,,,,,,,,,,
death-guard-2017-10-nauseous-rotbone-the-plague-surgeon,no_datasheet_candidate,add_alias_or_mark_no_current_datasheet,,,,,"Nauseous Rotbone, the Plague Surgeon",Death Guard,DG,2017-10,Plastic,,,Death Guard,49,,,,,,,,,,,,,,,,,,,,,,,,
death-guard-2017-10-scribbus-wretch-the-tallyman,no_datasheet_candidate,add_alias_or_mark_no_current_datasheet,,,,,Scribbus Wretch The Tallyman,Death Guard,DG,2017-10,Plastic,,,Death Guard,51,,,,,,,,,,,,,,,,,,,,,,,,
death-guard-2017-10-typhus-herald-of-the-plague-god,no_datasheet_candidate,add_alias_or_mark_no_current_datasheet,,,,,"Typhus, Herald of the Plague God",Death Guard,DG,2017-10,Plastic,,,Death Guard,52,,,,,,,,,,,,,,,,,,,,,,,,
death-guard-2017-12-easy-to-build-lord-felthius-tainted-cohort,no_datasheet_candidate,add_alias_or_mark_no_current_datasheet,,,,,Easy to Build: Lord Felthius & Tainted Cohort,Death Guard,DG,2017-12,Plastic,Discontinued,,Death Guard,53,,,,,,,,,,,,,,,,,,,,,,,,
death-guard-2017-12-easy-to-build-myphetic-blight-hauler,no_datasheet_candidate,add_alias_or_mark_no_current_datasheet,,,,,Easy to Build: Myphetic Blight-Hauler,Death Guard,DG,2017-12,Plastic,,,Death Guard,54,,,,,,,,,,,,,,,,,,,,,,,,
drukhari-2025-01-aurelia-malys,no_datasheet_candidate,add_alias_or_mark_no_current_datasheet,,,,,Aurelia Malys,Drukhari,DRU,2025-01,Plastic,,,Drukhari,57,,,,,,,,,,,,,,,,,,,,,,,,
genestealer-cult-2016-10-brood-brothers,no_datasheet_candidate,add_alias_or_mark_no_current_datasheet,,,,,Brood Brothers,Genestealer Cult,GC,2016-10,Plastic,,,Genestealer Cult,29,,,,,,,,,,,,,,,,,,,,,,,,
genestealer-cult-2016-10-broodcoven,no_datasheet_candidate,add_alias_or_mark_no_current_datasheet,,,,,Broodcoven,Genestealer Cult,GC,2016-10,Plastic,,,Genestealer Cult,24,,,,,,,,,,,,,,,,,,,,,,,,
genestealer-cult-2025-01-biosigns-terminated,no_datasheet_candidate,add_alias_or_mark_no_current_datasheet,,,,,Biosigns Terminated,Genestealer Cult,GC,2025-01,Plastic,Store Anniversary 2025 (Purestrain Genestealer),,Genestealer Cult,49,,,,,,,,,,,,,,,,,,,,,,,,
inquisition-2020-06-ordo-xenos-lord-inquisitor-kyria-draxus,no_datasheet_candidate,add_alias_or_mark_no_current_datasheet,,,,,Ordo Xenos Lord Inquisitor Kyria Draxus,Inquisition,AoI,2020-06,Plastic,,,Inquisition,30,,,,,,,,,,,,,,,,,,,,,,,,
inquisition-2022-01-erasmus-cartavolnus,no_datasheet_candidate,add_alias_or_mark_no_current_datasheet,,,,,Erasmus Cartavolnus,Inquisition,AoI,2022-01,Plastic,,,Inquisition,34,,,,,,,,,,,,,,,,,,,,,,,,
inquisition-2024-01-torquemada-coteaz,no_datasheet_candidate,add_alias_or_mark_no_current_datasheet,,,,,Torquemada Coteaz,Inquisition,AoI,2024-01,Plastic,,,Inquisition,39,,,,,,,,,,,,,,,,,,,,,,,,
necrons-2015-01-necron-overlord,no_datasheet_candidate,add_alias_or_mark_no_current_datasheet,,,,,Necron Overlord,Necrons,NEC,2015-01,Plastic,,,Necrons,50,,,,,,,,,,,,,,,,,,,,,,,,
orks-2008-01-warbiker-mob,no_datasheet_candidate,add_alias_or_mark_no_current_datasheet,,,,,Warbiker Mob,Orks,ORK,2008-01,Plastic,,,Orks,18,,,,,,,,,,,,,,,,,,,,,,,,
orks-2014-06-trukk-boyz,no_datasheet_candidate,add_alias_or_mark_no_current_datasheet,,,,,Trukk Boyz,Orks,ORK,2014-06,Plastic,,,Orks,55,,,,,,,,,,,,,,,,,,,,,,,,
orks-2021-07-bomb-squig,no_datasheet_candidate,add_alias_or_mark_no_current_datasheet,,,,,Bomb Squig,Orks,ORK,2021-07,,,,Orks,72,,,,,,,,,,,,,,,,,,,,,,,,
orks-2022-01-ork-warboss-with-attack-squig,no_datasheet_candidate,add_alias_or_mark_no_current_datasheet,,,,,Ork Warboss with Attack Squig,Orks,ORK,2022-01,Plastic,,,Orks,83,,,,,,,,,,,,,,,,,,,,,,,,
space-marines-2005-11-terminator-close-combat-squad,no_datasheet_candidate,add_alias_or_mark_no_current_datasheet,,,,,Terminator Close Combat Squad,Space Marines,SM,2005-11,Plastic,,,Space Marines,28,,,,,,,,,,,,,,,,,,,,,,,,
space-marines-2015-11-cataphractii-terminators,no_datasheet_candidate,add_alias_or_mark_no_current_datasheet,,,,,Cataphractii Terminators,Space Marines,SM,2015-11,,,,Space Marines,71,,,,,,,,,,,,,,,,,,,,,,,,
space-marines-2015-11-mark-iv-space-marines,no_datasheet_candidate,add_alias_or_mark_no_current_datasheet,,,,,Mark IV Space Marines,Space Marines,SM,2015-11,Plastic,"Betrayal at Calth, Solo releases 2016-07",,Space Marines,70,,,,,,,,,,,,,,,,,,,,,,,,
space-marines-2015-11-space-marine-heroes-2,no_datasheet_candidate,add_alias_or_mark_no_current_datasheet,,,,,Space Marine Heroes (2),Space Marines,SM,2015-11,,,,Space Marines,73,,,,,,,,,,,,,,,,,,,,,,,,
space-marines-2016-04-company-command,no_datasheet_candidate,add_alias_or_mark_no_current_datasheet,,,,,Company Command,Space Marines,SM,2016-04,Plastic,Command Squad + additional Captain model,,Space Marines,75,,,,,,,,,,,,,,,,,,,,,,,,
space-marines-2016-04-space-marine-heroes-3,no_datasheet_candidate,add_alias_or_mark_no_current_datasheet,,,,,Space Marine Heroes (3),Space Marines,SM,2016-04,Plastic,,,Space Marines,76,,,,,,,,,,,,,,,,,,,,,,,,
space-marines-2017-03-mark-iii-space-marines,no_datasheet_candidate,add_alias_or_mark_no_current_datasheet,,,,,Mark III Space Marines,Space Marines,SM,2017-03,Plastic,,,Space Marines,78,,,,,,,,,,,,,,,,,,,,,,,,
space-marines-2017-03-tartaros-terminators,no_datasheet_candidate,add_alias_or_mark_no_current_datasheet,,,,,Tartaros Terminators,Space Marines,SM,2017-03,Plastic,,,Space Marines,79,,,,,,,,,,,,,,,,,,,,,,,,
space-marines-2017-07-easy-to-build-primaris-intercessors,no_datasheet_candidate,add_alias_or_mark_no_current_datasheet,,,,,Easy To Build: Primaris Intercessors,Space Marines,SM,2017-07,Plastic,Discontinued,,Space Marines,91,,,,,,,,,,,,,,,,,,,,,,,,
space-marines-2017-07-easy-to-build-primaris-reivers,no_datasheet_candidate,add_alias_or_mark_no_current_datasheet,,,,,Easy To Build: Primaris Reivers,Space Marines,SM,2017-07,Plastic,Discontinued,,Space Marines,92,,,,,,,,,,,,,,,,,,,,,,,,
space-marines-2017-12-easy-to-build-primaris-aggressors,no_datasheet_candidate,add_alias_or_mark_no_current_datasheet,,,,,Easy To Build: Primaris Aggressors,Space Marines,SM,2017-12,Plastic,Discontinued,,Space Marines,102,,,,,,,,,,,,,,,,,,,,,,,,
space-marines-2017-12-easy-to-build-redemptor-dreadnought,no_datasheet_candidate,add_alias_or_mark_no_current_datasheet,,,,,Easy To Build: Redemptor Dreadnought,Space Marines,SM,2017-12,Plastic,Discontinued,,Space Marines,103,,,,,,,,,,,,,,,,,,,,,,,,
space-marines-2018-10-primaris-lieutenant-with-power-sword,no_datasheet_candidate,add_alias_or_mark_no_current_datasheet,,,,,Primaris Lieutenant with Power Sword,Space Marines,SM,2018-10,Plastic,,,Space Marines,104,,,,,,,,,,,,,,,,,,,,,,,,
space-marines-2020-07-primaris-lieutenant-gun-shield,no_datasheet_candidate,add_alias_or_mark_no_current_datasheet,,,,,Primaris Lieutenant - Gun & Shield,Space Marines,SM,2020-07,,,,Space Marines,115,,,,,,,,,,,,,,,,,,,,,,,,
space-marines-2025-01-captain-centos,no_datasheet_candidate,add_alias_or_mark_no_current_datasheet,,,,,Captain Centos,Space Marines,SM,2025-01,Plastic,Ultramarines,,Space Marines,163,,,,,,,,,,,,,,,,,,,,,,,,
space-wolves-2014-08-space-wolves-venerable-dreadnought,no_datasheet_candidate,add_alias_or_mark_no_current_datasheet,,,,,Space Wolves Venerable Dreadnought,Space Wolves,SM,2014-08,Plastic,Shared Multi-kit,,Space Wolves,37,,,,,,,,,,,,,,,,,,,,,,,,
tau-empire-2006-07-xv25-stealth-suits,no_datasheet_candidate,add_alias_or_mark_no_current_datasheet,,,,,XV25 Stealth Suits,Tau Empire,TAU,2006-07,Plastic,,,Tau Empire,25,,,,,,,,,,,,,,,,,,,,,,,,
tau-empire-2015-10-fire-warriors-strike-team,no_datasheet_candidate,add_alias_or_mark_no_current_datasheet,,,,,Fire Warriors Strike Team,Tau Empire,TAU,2015-10,Plastic,Shared Multi-kit,,Tau Empire,45,,,,,,,,,,,,,,,,,,,,,,,,
tau-empire-2015-10-kv128-stormsurge,no_datasheet_candidate,add_alias_or_mark_no_current_datasheet,,,,,KV128 Stormsurge,Tau Empire,TAU,2015-10,Plastic,,,Tau Empire,51,,,,,,,,,,,,,,,,,,,,,,,,
tau-empire-2015-10-t-au-empire-commander-xv85,no_datasheet_candidate,add_alias_or_mark_no_current_datasheet,,,,,T'au Empire Commander XV85,Tau Empire,TAU,2015-10,Plastic,Shared Multi-kit,,Tau Empire,48,,,,,,,,,,,,,,,,,,,,,,,,
tau-empire-2015-10-t-au-empire-commander-xv86-coldstar,no_datasheet_candidate,add_alias_or_mark_no_current_datasheet,,,,,T'au Empire Commander XV86 Coldstar,Tau Empire,TAU,2015-10,,,,Tau Empire,49,,,,,,,,,,,,,,,,,,,,,,,,
tau-empire-2015-10-xv95-ghostkeel,no_datasheet_candidate,add_alias_or_mark_no_current_datasheet,,,,,XV95 Ghostkeel,Tau Empire,TAU,2015-10,Plastic,,,Tau Empire,52,,,,,,,,,,,,,,,,,,,,,,,,
tau-empire-2023-06-kroot-hunting-pack,no_datasheet_candidate,add_alias_or_mark_no_current_datasheet,,,,,Kroot Hunting Pack,Tau Empire,TAU,2023-06,Plastic,26 Miniatures,,Tau Empire,64,,,,,,,,,,,,,,,,,,,,,,,,
tau-empire-2024-01-t-au-ethereal,no_datasheet_candidate,add_alias_or_mark_no_current_datasheet,,,,,T'au Ethereal,Tau Empire,TAU,2024-01,Plastic,Store Anniversary 2024,,Tau Empire,72,,,,,,,,,,,,,,,,,,,,,,,,
thousand-sons-2017-02-tzaangor-skyfires,no_datasheet_candidate,add_alias_or_mark_no_current_datasheet,,,,,Tzaangor Skyfires,Thousand Sons,TS,2017-02,,,,Thousand Sons,28,,,,,,,,,,,,,,,,,,,,,,,,
tyranids-2005-06-genestealer-brood,no_datasheet_candidate,add_alias_or_mark_no_current_datasheet,,,,,Genestealer Brood,Tyranids,TYR,2005-06,Plastic,,,Tyranids,15,,,,,,,,,,,,,,,,,,,,,,,,
tyranids-2005-07-carnifex-brood,no_datasheet_candidate,add_alias_or_mark_no_current_datasheet,,,,,Carnifex Brood,Tyranids,TYR,2005-07,Plastic,Shared Multi-kit,,Tyranids,16,,,,,,,,,,,,,,,,,,,,,,,,
tyranids-2010-01-gargoyle-brood,no_datasheet_candidate,add_alias_or_mark_no_current_datasheet,,,,,Gargoyle Brood,Tyranids,TYR,2010-01,Plastic,,,Tyranids,27,,,,,,,,,,,,,,,,,,,,,,,,
tyranids-2010-01-ravener-brood,no_datasheet_candidate,add_alias_or_mark_no_current_datasheet,,,,,Ravener Brood,Tyranids,TYR,2010-01,Plastic,,,Tyranids,26,,,,,,,,,,,,,,,,,,,,,,,,
supplement-marines-2015-05-ultramarines-ultramarines-upgrade-pack,supplement_row,exclude_supplement_row,,,,,Ultramarines - Ultramarines Upgrade Pack,Supplement Marines,SM,2015-05,Plastic,Ultramarines,,Supplement Marines,32,,,,,,,,,,,,,,,,,,,,,,,,
supplement-marines-2017-03-ultramarines-roboute-guilleman,supplement_row,exclude_supplement_row,,,,,Ultramarines - Roboute Guilleman,Supplement Marines,SM,2017-03,Plastic,Ultramarines,,Supplement Marines,33,,,,,,,,,,,,,,,,,,,,,,,,
supplement-marines-2017-08-ultramarines-ultramarines-primaris-upgrades,supplement_row,exclude_supplement_row,,,,,Ultramarines - Ultramarines Primaris Upgrades,Supplement Marines,SM,2017-08,Plastic,Ultramarines,,Supplement Marines,36,,,,,,,,,,,,,,,,,,,,,,,,
supplement-marines-2018-12-ultramarines-marneus-calgar,supplement_row,exclude_supplement_row,,,,,Ultramarines - Marneus Calgar,Supplement Marines,SM,2018-12,Plastic,Ultramarines,,Supplement Marines,37,000004183,Marneus Calgar in Armour of Antilochus,SM,0.8,statline,MARNEUS CALGAR,,,,,,,,,,,,,,,,,,
supplement-marines-2019-08-ultramarines-tigurius,supplement_row,exclude_supplement_row,,,,,Ultramarines - Tigurius,Supplement Marines,SM,2019-08,Plastic,Ultramarines,,Supplement Marines,38,,,,,,,,,,,,,,,,,,,,,,,,
supplement-marines-2019-08-white-scars-primaris-kor-sarro-khan,supplement_row,exclude_supplement_row,,,,,White Scars - Primaris Kor'sarro Khan,Supplement Marines,SM,2019-08,Plastic,White Scars,,Supplement Marines,39,000002709,Kor’sarro Khan,SM,0.75,datasheet,Kor’sarro Khan,,,,,,,,,,,,,,,,,,
supplement-marines-2019-08-white-scars-white-scars-primaris-upgrades,supplement_row,exclude_supplement_row,,,,,White Scars - White Scars Primaris Upgrades,Supplement Marines,SM,2019-08,Plastic,White Scars,,Supplement Marines,40,,,,,,,,,,,,,,,,,,,,,,,,
supplement-marines-2019-09-iron-hands-feirros,supplement_row,exclude_supplement_row,,,,,Iron Hands - Feirros,Supplement Marines,SM,2019-09,Plastic,Iron Hands,,Supplement Marines,43,,,,,,,,,,,,,,,,,,,,,,,,
supplement-marines-2019-09-iron-hands-iron-hands-primaris-upgrades,supplement_row,exclude_supplement_row,,,,,Iron Hands - Iron Hands Primaris Upgrades,Supplement Marines,SM,2019-09,Plastic,Iron Hands,,Supplement Marines,44,,,,,,,,,,,,,,,,,,,,,,,,
supplement-marines-2019-09-raven-guard-kayvaan-shrike,supplement_row,exclude_supplement_row,,,,,Raven Guard - Kayvaan Shrike,Supplement Marines,SM,2019-09,Plastic,Raven Guard,,Supplement Marines,41,,,,,,,,,,,,,,,,,,,,,,,,
supplement-marines-2019-09-raven-guard-raven-guard-primaris-upgrades,supplement_row,exclude_supplement_row,,,,,Raven Guard - Raven Guard Primaris Upgrades,Supplement Marines,SM,2019-09,Plastic,Raven Guard,,Supplement Marines,42,,,,,,,,,,,,,,,,,,,,,,,,
supplement-marines-2019-10-imperial-fists-imperial-fists-primaris-upgrades,supplement_row,exclude_supplement_row,,,,,Imperial Fists - Imperial Fists Primaris Upgrades,Supplement Marines,SM,2019-10,Plastic,Imperial Fists,,Supplement Marines,46,,,,,,,,,,,,,,,,,,,,,,,,
supplement-marines-2019-10-imperial-fists-tor-garadon,supplement_row,exclude_supplement_row,,,,,Imperial Fists - Tor Garadon,Supplement Marines,SM,2019-10,Plastic,Imperial Fists,,Supplement Marines,45,,,,,,,,,,,,,,,,,,,,,,,,
supplement-marines-2019-10-salamanders-adrax-agatone,supplement_row,exclude_supplement_row,,,,,Salamanders - Adrax Agatone,Supplement Marines,SM,2019-10,Plastic,Salamanders,,Supplement Marines,47,000002100,Adrax Agatone,SM,0.8,datasheet,Adrax Agatone,,,,,,,,,,,,,,,,,,
supplement-marines-2019-10-salamanders-salamanders-primaris-upgrades,supplement_row,exclude_supplement_row,,,,,Salamanders - Salamanders Primaris Upgrades,Supplement Marines,SM,2019-10,Plastic,Salamanders,,Supplement Marines,48,,,,,,,,,,,,,,,,,,,,,,,,
supplement-marines-2021-02-captain-uriel-ventris,supplement_row,exclude_supplement_row,,,,,Captain Uriel Ventris,Supplement Marines,SM,2021-02,Plastic,Ultramarines,,Supplement Marines,51,000000121,Uriel Ventris,SM,0.8,datasheet,Uriel Ventris,,,,,,,,,,,,,,,,,,
supplement-marines-2021-10-black-templars-marshal,supplement_row,exclude_supplement_row,,,,,Black Templars Marshal,Supplement Marines,SM,2021-10,Plastic,Black Templars Army Set - Solo releases 2021-11,,Supplement Marines,52,,,,,,,,,,,,,,,,,,,,,,,,
supplement-marines-2021-10-emperor-s-champion,supplement_row,exclude_supplement_row,,,,,Emperor's Champion,Supplement Marines,SM,2021-10,,,,Supplement Marines,54,000002795,Emperor’s Champion,SM,1.0,datasheet,Emperor’s Champion,,,,,,,,,,,,,,,,,,
supplement-marines-2021-10-primaris-crusader-squad,supplement_row,exclude_supplement_row,,,,,Primaris Crusader Squad,Supplement Marines,SM,2021-10,,,,Supplement Marines,53,000002799,Crusader Squad,SM,1.0,datasheet,Crusader Squad,000004154,Crusader Squad (Legendary),SM,1.0,datasheet,Crusader Squad (Legendary),,,,,,,,,,,,
supplement-marines-2021-11-black-templars-castellan,supplement_row,exclude_supplement_row,,,,,Black Templars Castellan,Supplement Marines,SM,2021-11,Plastic,Black Templars,,Supplement Marines,57,,,,,,,,,,,,,,,,,,,,,,,,
supplement-marines-2021-11-black-templars-sword-brethren,supplement_row,exclude_supplement_row,,,,,Black Templars Sword Brethren,Supplement Marines,SM,2021-11,Plastic,Black Templars,,Supplement Marines,58,,,,,,,,,,,,,,,,,,,,,,,,
supplement-marines-2021-11-black-templars-upgrades-and-transfers,supplement_row,exclude_supplement_row,,,,,Black Templars: Upgrades and Transfers,Supplement Marines,SM,2021-11,Plastic,Black Templars,,Supplement Marines,59,,,,,,,,,,,,,,,,,,,,,,,,
supplement-marines-2021-11-chaplain-grimaldus-retinue,supplement_row,exclude_supplement_row,,,,,Chaplain Grimaldus & Retinue,Supplement Marines,SM,2021-11,Plastic,Black Templars,,Supplement Marines,56,000002792,Chaplain Grimaldus,SM,0.8,datasheet,Chaplain Grimaldus,,,,,,,,,,,,,,,,,,
supplement-marines-2021-11-high-marshal-helbrecht,supplement_row,exclude_supplement_row,,,,,High Marshal Helbrecht,Supplement Marines,SM,2021-11,Plastic,Black Templars,,Supplement Marines,55,000002794,High Marshal Helbrecht,SM,1.0,datasheet,High Marshal Helbrecht,,,,,,,,,,,,,,,,,,
supplement-marines-2024-02-codex-supplement-dark-angels,supplement_row,exclude_supplement_row,,,,,Codex Supplement: Dark Angels,Supplement Marines,SM,2024-02,,,,Supplement Marines,62,,,,,,,,,,,,,,,,,,,,,,,,
adepta-sororitas-2020-03-rhino,upgrade_or_sprue,mark_accessory_or_link_parent_model,,,,,Rhino,Adepta Sororitas,AS,2020-03,Plastic,Sisters of Battle upgrade sprues,,Adepta Sororitas,38,000000396,Rhino,GK,1.0,datasheet,Rhino,000000085,Rhino Primaris,SM,1.0,datasheet,Rhino Primaris,000002723,Rhino,SM,1.0,datasheet,Rhino,,,,,,
astra-militarum-2021-06-cadian-shock-troops-box-update,upgrade_or_sprue,mark_accessory_or_link_parent_model,,,,,Cadian Shock Troops - box update,Astra Militarum,AM,2021-06,Plastic,"Upgrade sprue - new arms, heads, special/sergeant weapons",,Astra Militarum,73,000002612,Cadian Shock Troops,AM,0.75,datasheet,Cadian Shock Troops,000003948,Cadian Shock Troops,GC,0.75,datasheet,Cadian Shock Troops,,,,,,,,,,,,
blood-angels-2015-05-blood-angels-upgrade-pack,upgrade_or_sprue,mark_accessory_or_link_parent_model,,,,,Blood Angels Upgrade Pack,Blood Angels,SM,2015-05,Plastic,,,Blood Angels,36,,,,,,,,,,,,,,,,,,,,,,,,
blood-angels-2017-12-blood-angels-primaris-upgrades,upgrade_or_sprue,mark_accessory_or_link_parent_model,,,,,Blood Angels Primaris Upgrades,Blood Angels,SM,2017-12,Plastic,,,Blood Angels,42,,,,,,,,,,,,,,,,,,,,,,,,
blood-angels-2024-01-blood-angels-primaris-space-marine-upgrades,upgrade_or_sprue,mark_accessory_or_link_parent_model,,,,,Blood Angels Primaris Space Marine Upgrades,Blood Angels,SM,2024-01,Plastic,,,Blood Angels,53,,,,,,,,,,,,,,,,,,,,,,,,
craftworlds-2005-02-wave-serpent,upgrade_or_sprue,mark_accessory_or_link_parent_model,,,,,Wave Serpent,Craftworlds,AE,2005-02,Plastic,Wave Serpent sprue + Falcon chassis,,Craftworlds,30,000000599,Wave Serpent,AE,1.0,datasheet,Wave Serpent,,,,,,,,,,,,,,,,,,
craftworlds-2006-11-vehicle-heavy-weapon-sprue,upgrade_or_sprue,mark_accessory_or_link_parent_model,,,,,Vehicle Heavy Weapon Sprue,Craftworlds,AE,2006-11,Plastic,Added to vehicle boxes,,Craftworlds,39,,,,,,,,,,,,,,,,,,,,,,,,
dark-angels-2015-05-dark-angels-upgrade-pack,upgrade_or_sprue,mark_accessory_or_link_parent_model,,,,,Dark Angels Upgrade Pack,Dark Angels,SM,2015-05,Plastic,,,Dark Angels,39,,,,,,,,,,,,,,,,,,,,,,,,
dark-angels-2017-12-dark-angels-primaris-upgrades,upgrade_or_sprue,mark_accessory_or_link_parent_model,,,,,Dark Angels Primaris Upgrades,Dark Angels,SM,2017-12,Plastic,,,Dark Angels,44,,,,,,,,,,,,,,,,,,,,,,,,
drukhari-2010-11-ravager,upgrade_or_sprue,mark_accessory_or_link_parent_model,,,,,Ravager,Drukhari,DRU,2010-11,Plastic,Raider kit with extra sprue,,Drukhari,20,000000665,Ravager,DRU,1.0,datasheet,Ravager,,,,,,,,,,,,,,,,,,
grey-knights-2025-03-grand-master-in-nemesis-dreadknight-upgrade-sprue,upgrade_or_sprue,mark_accessory_or_link_parent_model,,,,,Grand Master in Nemesis Dreadknight Upgrade Sprue,Grey Knights,GK,2025-03,Plastic,,,Grey Knights,50,000001360,Grand Master In Nemesis Dreadknight,GK,0.833,datasheet,Grand Master In Nemesis Dreadknight,,,,,,,,,,,,,,,,,,
orks-2008-01-ork-boyz-heavy-weapons-nobs,upgrade_or_sprue,mark_accessory_or_link_parent_model,,,,,Ork Boyz – Heavy weapons & Nobs,Orks,ORK,2008-01,Plastic,Extra sprue added to the Boyz box,,Orks,19,,,,,,,,,,,,,,,,,,,,,,,,
orks-2014-06-deff-rolla,upgrade_or_sprue,mark_accessory_or_link_parent_model,,,,,Deff Rolla,Orks,ORK,2014-06,Plastic,Upgrade kit bundled with Battlewagon,,Orks,47,,,,,,,,,,,,,,,,,,,,,,,,
orks-2016-04-wazbom-blastajet,upgrade_or_sprue,mark_accessory_or_link_parent_model,,,,,Wazbom Blastajet,Orks,ORK,2016-04,Plastic,"Shared multi-kit, upgrade to plane kit",,Orks,56,000000032,Wazbom Blastajet,ORK,1.0,datasheet,Wazbom Blastajet,,,,,,,,,,,,,,,,,,
space-marines-2008-10-landspeeder,upgrade_or_sprue,mark_accessory_or_link_parent_model,,,,,Landspeeder,Space Marines,SM,2008-10,Plastic,Plastic weapons upgrade,,Space Marines,45,000002711,Land Speeder,SM,0.957,datasheet,Land Speeder,,,,,,,,,,,,,,,,,,
space-marines-2025-01-space-marines-head-upgrades,upgrade_or_sprue,mark_accessory_or_link_parent_model,,,,,Space Marines Head Upgrades,Space Marines,SM,2025-01,Plastic,,,Space Marines,172,,,,,,,,,,,,,,,,,,,,,,,,
space-wolves-2015-05-space-wolves-upgrade-pack,upgrade_or_sprue,mark_accessory_or_link_parent_model,,,,,Space Wolves Upgrade Pack,Space Wolves,SM,2015-05,Plastic,,,Space Wolves,41,,,,,,,,,,,,,,,,,,,,,,,,
space-wolves-2018-09-space-wolves-primaris-upgrades,upgrade_or_sprue,mark_accessory_or_link_parent_model,,,,,Space Wolves Primaris Upgrades,Space Wolves,SM,2018-09,Plastic,,,Space Wolves,48,,,,,,,,,,,,,,,,,,,,,,,,
space-wolves-2020-11-hounds-of-morkai,upgrade_or_sprue,mark_accessory_or_link_parent_model,,,,,Hounds of Morkai,Space Wolves,SM,2020-11,Plastic,Primaris Reivers (2017-08) + Space Wolves Primaris Upgrades sprue (2018-09) ???,,Space Wolves,52,000002806,Hounds Of Morkai,SM,1.0,datasheet,Hounds Of Morkai,,,,,,,,,,,,,,,,,,
space-wolves-2025-01-wolf-guard-headtakers,upgrade_or_sprue,mark_accessory_or_link_parent_model,,,,,Wolf Guard Headtakers,Space Wolves,SM,2025-01,Plastic,,,Space Wolves,60,000004131,Wolf Guard Headtakers,SM,1.0,datasheet,Wolf Guard Headtakers,000000315,Wolf Guard,SM,0.8,datasheet,Wolf Guard,,,,,,,,,,,,
tau-empire-2013-04-hammerhead,upgrade_or_sprue,mark_accessory_or_link_parent_model,,,,,Hammerhead,Tau Empire,TAU,2013-04,Plastic,"Shared Multi-kit
Reboxing?",,Tau Empire,34,,,,,,,,,,,,,,,,,,,,,,,,
